"","basin","region","site_name","sample","depth","unique","type","total_dd_count","sed_weight_kg","num_yrs_est_bulks","num_yrs_est_bulks_upper","num_yrs_est_bulks_lower","age_est_bulks","date_locality","date_unique","midpoint","interval_no","min","median","predicted_age_BP","max","predicted_age_AD_BC","perc_2.5","perc_25","median_num_years_per_sample","perc_75","perc_97.5","age_AD_BC","age_BP","depth_upper","thickness","thick.not.5","no_years","no_years_25","no_years_75","dd_kg","dd_kg_yr","dd_kg_yr_25","dd_kg_yr_75","age_group","sampling_year","log_sed_weight_kg","log_no_years","site_age","sample_age"
"1","Caribbean","Bocas del Toro","Casa Blanca","AT14-1",NA,"AT14-1-1","modern_bulk",9,7.184,54,62,46,1979,NA,NA,NA,NA,NA,NA,NA,NA,NA,NA,NA,NA,NA,NA,NA,NA,NA,NA,NA,54,46,62,1.25278396436526,0.023199703043801,0.0272344340079403,0.0202061929736332,"modern",2014,1.9718563309999,3.98898404656427,"Casa Blanca modern","AT14-1 modern"
"2","Caribbean","Bocas del Toro","Casa Blanca","AT14-1",NA,"AT14-1-2","modern_bulk",39,7.883,54,62,46,1979,NA,NA,NA,NA,NA,NA,NA,NA,NA,NA,NA,NA,NA,NA,NA,NA,NA,NA,NA,54,46,62,4.94735506786756,0.0916176864419919,0.107551197127556,0.0797960494817349,"modern",2014,2.06470854207777,3.98898404656427,"Casa Blanca modern","AT14-1 modern"
"3","Caribbean","Bocas del Toro","Casa Blanca","AT14-1",NA,"AT14-1-3","modern_bulk",18,7.525,54,62,46,1979,NA,NA,NA,NA,NA,NA,NA,NA,NA,NA,NA,NA,NA,NA,NA,NA,NA,NA,NA,54,46,62,2.39202657807309,0.044296788482835,0.0520005777841976,0.0385810738398885,"modern",2014,2.01823081063494,3.98898404656427,"Casa Blanca modern","AT14-1 modern"
"4","Caribbean","Bocas del Toro","Casa Blanca","AT14-1",NA,"AT14-1-5","modern_bulk",8,4.215,54,62,46,1979,NA,NA,NA,NA,NA,NA,NA,NA,NA,NA,NA,NA,NA,NA,NA,NA,NA,NA,NA,54,46,62,1.89798339264531,0.0351478406045429,0.0412605085357677,0.030612635365247,"modern",2014,1.43864959145382,3.98898404656427,"Casa Blanca modern","AT14-1 modern"
"5","Caribbean","Bocas del Toro","Casa Blanca","AT14-1",NA,"AT14-1-7","modern_bulk",35,5.844,54,62,46,1979,NA,NA,NA,NA,NA,NA,NA,NA,NA,NA,NA,NA,NA,NA,NA,NA,NA,NA,NA,54,46,62,5.98904859685147,0.110908307349101,0.130196708627206,0.0965975580137334,"modern",2014,1.76541549388845,3.98898404656427,"Casa Blanca modern","AT14-1 modern"
"6","Caribbean","Bocas del Toro","Casa Blanca","AT14-1",NA,"AT14-1-8","modern_bulk",20,6.462,54,62,46,1979,NA,NA,NA,NA,NA,NA,NA,NA,NA,NA,NA,NA,NA,NA,NA,NA,NA,NA,NA,54,46,62,3.09501702259362,0.0573151300480301,0.0672829787520353,0.0499196293966714,"modern",2014,1.86593886740231,3.98898404656427,"Casa Blanca modern","AT14-1 modern"
"7","Caribbean","Bocas del Toro","Punta Donato","AT14-2",NA,"AT14-2-1","modern_bulk",28,6.899,65,79,60,1942,NA,NA,NA,NA,NA,NA,NA,NA,NA,NA,NA,NA,NA,NA,NA,NA,NA,NA,NA,65,60,79,4.05855921147992,0.0624393724843065,0.0676426535246654,0.0513741672339231,"modern",2014,1.93137647356397,4.17438726989564,"Punta Donato modern","AT14-2 modern"
"8","Caribbean","Bocas del Toro","Punta Donato","AT14-2",NA,"AT14-2-2","modern_bulk",30,4.607,65,79,60,1942,NA,NA,NA,NA,NA,NA,NA,NA,NA,NA,NA,NA,NA,NA,NA,NA,NA,NA,NA,65,60,79,6.51182982418059,0.100181997295086,0.108530497069677,0.0824282256225392,"modern",2014,1.52757688595378,4.17438726989564,"Punta Donato modern","AT14-2 modern"
"9","Caribbean","Bocas del Toro","Punta Donato","AT14-2",NA,"AT14-2-4","modern_bulk",17,3.897,65,79,60,1942,NA,NA,NA,NA,NA,NA,NA,NA,NA,NA,NA,NA,NA,NA,NA,NA,NA,NA,NA,65,60,79,4.36232999743392,0.0671127691912911,0.0727054999572321,0.0552193670561256,"modern",2014,1.36020702635657,4.17438726989564,"Punta Donato modern","AT14-2 modern"
"10","Caribbean","Bocas del Toro","Punta Donato","AT14-2",NA,"AT14-2-5","modern_bulk",73,7.274,65,79,60,1942,NA,NA,NA,NA,NA,NA,NA,NA,NA,NA,NA,NA,NA,NA,NA,NA,NA,NA,NA,65,60,79,10.0357437448447,0.154396057612995,0.167262395747411,0.127034730947401,"modern",2014,1.9843063465648,4.17438726989564,"Punta Donato modern","AT14-2 modern"
"11","Caribbean","Bocas del Toro","Cayo Adriana","AT14-3",NA,"AT14-3-1","modern_bulk",28,4.715,356,358,354,1651,NA,NA,NA,NA,NA,NA,NA,NA,NA,NA,NA,NA,NA,NA,NA,NA,NA,NA,NA,356,354,358,5.93849416755037,0.0166811633919954,0.0167754072529671,0.0165879725350569,"modern",2014,1.55074891608542,5.87493073085203,"Cayo Adriana modern","AT14-3 modern"
"12","Caribbean","Bocas del Toro","Cayo Adriana","AT14-3",NA,"AT14-3-2","modern_bulk",13,1.921,356,358,354,1651,NA,NA,NA,NA,NA,NA,NA,NA,NA,NA,NA,NA,NA,NA,NA,NA,NA,NA,NA,356,354,358,6.76730869338886,0.019009294082553,0.0191166912242623,0.0189030969089074,"modern",2014,0.65284588378642,5.87493073085203,"Cayo Adriana modern","AT14-3 modern"
"13","Caribbean","Bocas del Toro","Cayo Adriana","AT14-3",NA,"AT14-3-3","modern_bulk",12,2.695,356,358,354,1651,NA,NA,NA,NA,NA,NA,NA,NA,NA,NA,NA,NA,NA,NA,NA,NA,NA,NA,NA,356,354,358,4.45269016697588,0.0125075566488087,0.0125782208106663,0.0124376820306589,"modern",2014,0.99139820436096,5.87493073085203,"Cayo Adriana modern","AT14-3 modern"
"14","Caribbean","Bocas del Toro","Cayo Adriana","AT14-3",NA,"AT14-3-4","modern_bulk",18,3.331,356,358,354,1651,NA,NA,NA,NA,NA,NA,NA,NA,NA,NA,NA,NA,NA,NA,NA,NA,NA,NA,NA,356,354,358,5.4037826478535,0.0151791647411615,0.0152649227340494,0.0150943649381383,"modern",2014,1.20327255921154,5.87493073085203,"Cayo Adriana modern","AT14-3 modern"
"15","Caribbean","Bocas del Toro","Cayo Adriana","AT14-3",NA,"AT14-3-5","modern_bulk",15,2.317,356,358,354,1651,NA,NA,NA,NA,NA,NA,NA,NA,NA,NA,NA,NA,NA,NA,NA,NA,NA,NA,NA,356,354,358,6.47388864911523,0.0181850804750428,0.0182878210426984,0.0180834878466906,"modern",2014,0.840273245450239,5.87493073085203,"Cayo Adriana modern","AT14-3 modern"
"16","Caribbean","Bocas del Toro","Cayo Adriana","AT14-3",NA,"AT14-3-6","modern_bulk",26,2.946,356,358,354,1651,NA,NA,NA,NA,NA,NA,NA,NA,NA,NA,NA,NA,NA,NA,NA,NA,NA,NA,NA,356,354,358,8.8255261371351,0.0247908037559975,0.0249308647941669,0.0246523076456288,"modern",2014,1.08044831804044,5.87493073085203,"Cayo Adriana modern","AT14-3 modern"
"17","Caribbean","Bocas del Toro","Sweet Bocas","AT14-5",NA,"AT14-5-1","Holocene_bulk",9,2.78,20,32,11,-4825,NA,NA,NA,NA,NA,NA,NA,NA,NA,NA,NA,NA,NA,NA,NA,NA,NA,NA,NA,20,11,32,3.23741007194245,0.161870503597122,0.294310006540222,0.101169064748201,"pre_exp",2014,1.02245092770255,2.99573227355399,"Sweet Bocas pre_exp","AT14-5 pre_exp"
"18","Caribbean","Bocas del Toro","Sweet Bocas","AT14-5",NA,"AT14-5-2","Holocene_bulk",11,2.551,20,32,11,-4825,NA,NA,NA,NA,NA,NA,NA,NA,NA,NA,NA,NA,NA,NA,NA,NA,NA,NA,NA,20,11,32,4.31203449627597,0.215601724813799,0.392003136025088,0.134751078008624,"pre_exp",2014,0.936485439159674,2.99573227355399,"Sweet Bocas pre_exp","AT14-5 pre_exp"
"19","Caribbean","Bocas del Toro","Sweet Bocas","AT14-5",NA,"AT14-5-3","Holocene_bulk",23,3.628,20,32,11,-4825,NA,NA,NA,NA,NA,NA,NA,NA,NA,NA,NA,NA,NA,NA,NA,NA,NA,NA,NA,20,11,32,6.33958103638368,0.316979051819184,0.576325548762153,0.19811190738699,"pre_exp",2014,1.28868153225289,2.99573227355399,"Sweet Bocas pre_exp","AT14-5 pre_exp"
"20","Caribbean","Bocas del Toro","Sweet Bocas","AT14-6",NA,"AT14-6-1","Holocene_bulk",4,3.484,20,32,11,-4825,NA,NA,NA,NA,NA,NA,NA,NA,NA,NA,NA,NA,NA,NA,NA,NA,NA,NA,NA,20,11,32,1.14810562571757,0.0574052812858783,0.104373238701597,0.0358783008036739,"pre_exp",2014,1.24818105899026,2.99573227355399,"Sweet Bocas pre_exp","AT14-6 pre_exp"
"21","Caribbean","Bocas del Toro","Sweet Bocas","AT14-6",NA,"AT14-6-2","Holocene_bulk",3,3.641,20,32,11,-4825,NA,NA,NA,NA,NA,NA,NA,NA,NA,NA,NA,NA,NA,NA,NA,NA,NA,NA,NA,20,11,32,0.823949464432848,0.0411974732216424,0.0749044967666226,0.0257484207635265,"pre_exp",2014,1.2922583691933,2.99573227355399,"Sweet Bocas pre_exp","AT14-6 pre_exp"
"22","Caribbean","Bocas del Toro","Sweet Bocas","AT14-6",NA,"AT14-6-3","Holocene_bulk",3,3.819,20,32,11,-4825,NA,NA,NA,NA,NA,NA,NA,NA,NA,NA,NA,NA,NA,NA,NA,NA,NA,NA,NA,20,11,32,0.785545954438335,0.0392772977219167,0.0714132685853032,0.024548311076198,"pre_exp",2014,1.33998860824338,2.99573227355399,"Sweet Bocas pre_exp","AT14-6 pre_exp"
"23","Caribbean","Bocas del Toro","Sweet Bocas","AT14-7",NA,"AT14-7-1","Holocene_bulk",16,3.86,20,32,11,-4825,NA,NA,NA,NA,NA,NA,NA,NA,NA,NA,NA,NA,NA,NA,NA,NA,NA,NA,NA,20,11,32,4.14507772020725,0.207253886010363,0.376825247291569,0.129533678756477,"pre_exp",2014,1.35066718347674,2.99573227355399,"Sweet Bocas pre_exp","AT14-7 pre_exp"
"24","Caribbean","Bocas del Toro","Sweet Bocas","AT14-7",NA,"AT14-7-2","Holocene_bulk",6,2.778,20,32,11,-4825,NA,NA,NA,NA,NA,NA,NA,NA,NA,NA,NA,NA,NA,NA,NA,NA,NA,NA,NA,20,11,32,2.15982721382289,0.107991360691145,0.196347928529354,0.0674946004319654,"pre_exp",2014,1.02173124433215,2.99573227355399,"Sweet Bocas pre_exp","AT14-7 pre_exp"
"25","Caribbean","Bocas del Toro","Sweet Bocas","AT14-7",NA,"AT14-7-3","Holocene_bulk",12,3.956,20,32,11,-4825,NA,NA,NA,NA,NA,NA,NA,NA,NA,NA,NA,NA,NA,NA,NA,NA,NA,NA,NA,20,11,32,3.03336703741153,0.151668351870576,0.275760639764684,0.0947927199191102,"pre_exp",2014,1.37523341376047,2.99573227355399,"Sweet Bocas pre_exp","AT14-7 pre_exp"
"26","Caribbean","Bocas del Toro","Sweet Bocas","AT14-9",NA,"AT14-9-1","Holocene_bulk",16,2.649,20,32,11,-4825,NA,NA,NA,NA,NA,NA,NA,NA,NA,NA,NA,NA,NA,NA,NA,NA,NA,NA,NA,20,11,32,6.04001510003775,0.302000755001887,0.549092281821614,0.18875047187618,"pre_exp",2014,0.974182210289933,2.99573227355399,"Sweet Bocas pre_exp","AT14-9 pre_exp"
"27","Caribbean","Bocas del Toro","Sweet Bocas","AT14-9",NA,"AT14-9-2","Holocene_bulk",13,2.994,20,32,11,-4825,NA,NA,NA,NA,NA,NA,NA,NA,NA,NA,NA,NA,NA,NA,NA,NA,NA,NA,NA,20,11,32,4.34201736806947,0.217100868403474,0.394728851642679,0.135688042752171,"pre_exp",2014,1.09661028599744,2.99573227355399,"Sweet Bocas pre_exp","AT14-9 pre_exp"
"28","Caribbean","Bocas del Toro","Sweet Bocas","AT14-9",NA,"AT14-9-3","Holocene_bulk",17,3.388,20,32,11,-4825,NA,NA,NA,NA,NA,NA,NA,NA,NA,NA,NA,NA,NA,NA,NA,NA,NA,NA,NA,20,11,32,5.01770956316411,0.250885478158205,0.456155414833101,0.156803423848878,"pre_exp",2014,1.22023977678981,2.99573227355399,"Sweet Bocas pre_exp","AT14-9 pre_exp"
"29","Caribbean","Bocas del Toro","Sweet Bocas","AT14-10",NA,"AT14-10-1","Holocene_bulk",16,3.749,20,32,11,-4825,NA,NA,NA,NA,NA,NA,NA,NA,NA,NA,NA,NA,NA,NA,NA,NA,NA,NA,NA,20,11,32,4.26780474793278,0.213390237396639,0.387982249812071,0.133368898372899,"pre_exp",2014,1.32148913775377,2.99573227355399,"Sweet Bocas pre_exp","AT14-10 pre_exp"
"30","Caribbean","Bocas del Toro","Sweet Bocas","AT14-10",NA,"AT14-10-2","Holocene_bulk",22,4.018,20,32,11,-4825,NA,NA,NA,NA,NA,NA,NA,NA,NA,NA,NA,NA,NA,NA,NA,NA,NA,NA,NA,20,11,32,5.47536087605774,0.273768043802887,0.497760079641613,0.171105027376804,"pre_exp",2014,1.39078426639274,2.99573227355399,"Sweet Bocas pre_exp","AT14-10 pre_exp"
"31","Caribbean","Bocas del Toro","Sweet Bocas","AT14-10",NA,"AT14-10-3","Holocene_bulk",12,3.485,20,32,11,-4825,NA,NA,NA,NA,NA,NA,NA,NA,NA,NA,NA,NA,NA,NA,NA,NA,NA,NA,NA,20,11,32,3.44332855093257,0.172166427546628,0.313029868266597,0.107604017216643,"pre_exp",2014,1.24846804421249,2.99573227355399,"Sweet Bocas pre_exp","AT14-10 pre_exp"
"32","Pacific","Gulf of Panama","Contadora","BF18-1-11",15,"BF18-1-11-15","core",26,0.31891,NA,NA,NA,NA,"Contadora","BF18-1-11-12.5",12.5,3,-66,-62,-48.791,51.025,1998.791,1,2,3,16,94.075,2012,-62,10,5,"no",6,2,16,88.7311446317658,13.5879506234779,44.3655723158829,5.54569653948536,"modern",2018,-1.14284634766536,1.79175946922805,"Contadora modern","BF18-1-11 modern"
"33","Pacific","Gulf of Panama","Contadora","BF18-1-11",25,"BF18-1-11-25","core",17,0.17578,NA,NA,NA,NA,"Contadora","BF18-1-11-22.5",22.5,5,-40,37,41.672,135,1908.328,7.975,22,36,53,106,1913,37,20,5,"no",36,22,53,96.7117988394584,2.68643885665162,4.39599085633902,1.82475092149922,"modern",2018,-1.73852206584564,3.58351893845611,"Contadora modern","BF18-1-11 modern"
"34","Pacific","Gulf of Panama","Contadora","BF18-1-11",191,"BF18-1-11-191","core",25,0.15087,NA,NA,NA,NA,"Contadora","BF18-1-11-188.5",188.5,38,3922,3989,4015.782,4238.025,-2065.782,16,50.75,93,164.25,451.275,-2039,3989,186,5,"no",93,50.75,164.25,165.705574335521,1.78178036919915,3.26513446966543,1.00886194420408,"pre_exp",2018,-1.89133674013015,4.53259949315326,"Contadora pre_exp","BF18-1-11 pre_exp"
"35","Pacific","Gulf of Panama","Contadora","BF18-1-11",196,"BF18-1-11-196","core",12,0.19003,NA,NA,NA,NA,"Contadora","BF18-1-11-193.5",193.5,39,3940.975,4070.5,4087.894,4344.025,-2137.894,12,34,57,97,211.05,-2120.5,4070.5,191,5,"no",57,34,97,63.1479240119981,1.10785831599997,1.85729188270583,0.651009525896888,"pre_exp",2018,-1.66057332454887,4.04305126783455,"Contadora pre_exp","BF18-1-11 pre_exp"
"36","Pacific","Gulf of Panama","Contadora","BF18-1-11",206,"BF18-1-11-206","core",22,0.18286,NA,NA,NA,NA,"Contadora","BF18-1-11-203.5",203.5,41,3985,4207.5,4216.941,4507.075,-2266.941,10,28,45,78.25,208.075,-2257.5,4207.5,201,5,"no",45,28,78.25,120.31062014656,2.67356933659023,4.29680786237715,1.5375159124161,"pre_exp",2018,-1.69903444624586,3.80666248977032,"Contadora pre_exp","BF18-1-11 pre_exp"
"37","Pacific","Gulf of Panama","Contadora","BF18-1-11",211,"BF18-1-11-211","core",29,0.18067,NA,NA,NA,NA,"Contadora","BF18-1-11-208.5",208.5,42,4008,4277,4280.205,4583.075,-2330.205,9,27,43,76,232.05,-2327,4277,206,5,"no",43,27,76,160.513643659711,3.73287543394677,5.94494976517448,2.11202162710146,"pre_exp",2018,-1.7110831161963,3.76120011569356,"Contadora pre_exp","BF18-1-11 pre_exp"
"38","Pacific","Gulf of Panama","Contadora","BF18-1-11",221,"BF18-1-11-221","core",28,0.16332,NA,NA,NA,NA,"Contadora","BF18-1-11-218.5",218.5,44,4079.975,4415.5,4410.73,4718.025,-2460.73,9,27,45.5,78,228.175,-2465.5,4415.5,216,5,"no",45.5,27,78,171.442566740142,3.76796849978334,6.34972469407934,2.19798162487362,"pre_exp",2018,-1.81204381253076,3.8177123259569,"Contadora pre_exp","BF18-1-11 pre_exp"
"39","Pacific","Gulf of Panama","Contadora","BF18-1-11",226,"BF18-1-11-226","core",29,0.15015,NA,NA,NA,NA,"Contadora","BF18-1-11-223.5",223.5,45,4125.925,4486,4473.954,4758.1,-2523.954,10,27,44,80,217.025,-2536,4486,221,5,"no",44,27,80,193.140193140193,4.3895498440953,7.15334048667382,2.41425241425241,"pre_exp",2018,-1.8961204845528,3.78418963391826,"Contadora pre_exp","BF18-1-11 pre_exp"
"40","Pacific","Gulf of Panama","Contadora","BF18-1-11",236,"BF18-1-11-236","core",22,0.14886,NA,NA,NA,NA,"Contadora","BF18-1-11-233.5",233.5,47,4267.925,4626,4604.756,4819.025,-2654.756,9,28,47,84,240.05,-2676,4626,231,5,"no",47,28,84,147.789869676206,3.1444653122597,5.27820963129307,1.75940321043102,"pre_exp",2018,-1.90474901205037,3.85014760171006,"Contadora pre_exp","BF18-1-11 pre_exp"
"41","Pacific","Gulf of Panama","Contadora","BF18-1-11",241,"BF18-1-11-241","core",32,0.18425,NA,NA,NA,NA,"Contadora","BF18-1-11-238.5",238.5,48,4343.875,4693,4671.281,4838,-2721.281,9,28,48.5,86,229.05,-2743,4693,236,5,"no",48.5,28,86,173.677069199457,3.58097049895788,6.20275247140919,2.01950080464485,"pre_exp",2018,-1.69146174791269,3.88156379794344,"Contadora pre_exp","BF18-1-11 pre_exp"
"42","Pacific","Gulf of Panama","Contadora","BF18-1-11",251,"BF18-1-11-251","core",43,0.16156,NA,NA,NA,NA,"Contadora","BF18-1-11-248.5",248.5,50,4696.95,4862,4875.314,5122.125,-2925.314,17,52,97,165.25,438.175,-2912,4862,246,5,"no",97,52,165.25,266.154988858628,2.74386586452194,5.11836517035824,1.61062020489336,"pre_exp",2018,-1.82287868828692,4.57471097850338,"Contadora pre_exp","BF18-1-11 pre_exp"
"43","Pacific","Gulf of Panama","Contadora","BF18-1-11",256,"BF18-1-11-256","core",32,0.17494,NA,NA,NA,NA,"Contadora","BF18-1-11-253.5",253.5,51,4877,4999.5,5049.64,5484,-3099.64,28.975,82,137,230.5,536,-3049.5,4999.5,251,5,"no",137,82,230.5,182.91985823711,1.3351814469862,2.23072997850134,0.793578560681605,"pre_exp",2018,-1.74331222099043,4.91998092582813,"Contadora pre_exp","BF18-1-11 pre_exp"
"44","Pacific","Gulf of Panama","Contadora","BF18-1-11",266,"BF18-1-11-266","core",28,0.21028,NA,NA,NA,NA,"Contadora","BF18-1-11-263.5",263.5,53,4944,5265,5297.88,5844.05,-3347.88,19,51.75,86,150,391.075,-3315,5265,261,5,"no",86,51.75,150,133.155792276964,1.54832316601121,2.57305878796066,0.887705281846427,"pre_exp",2018,-1.55931530303089,4.45434729625351,"Contadora pre_exp","BF18-1-11 pre_exp"
"45","Pacific","Gulf of Panama","Contadora","BF18-1-11",271,"BF18-1-11-271","core",28,0.15337,NA,NA,NA,NA,"Contadora","BF18-1-11-268.5",268.5,54,4990.95,5393,5411.238,5957.025,-3461.238,18.975,48,78,140.25,402.025,-3443,5393,266,5,"no",78,48,140.25,182.565038795071,2.34057742044962,3.80343830823064,1.30171150656022,"pre_exp",2018,-1.87490197631945,4.35670882668959,"Contadora pre_exp","BF18-1-11 pre_exp"
"46","Pacific","Gulf of Panama","Contadora","BF18-1-11",281,"BF18-1-11-281","core",27,0.20245,NA,NA,NA,NA,"Contadora","BF18-1-11-278.5",278.5,56,5116.95,5622.5,5627.017,6180.025,-3677.017,16,45,77,141,343.075,-3672.5,5622.5,276,5,"no",77,45,141,133.366263274883,1.73202939318029,2.96369473944184,0.945860023226118,"pre_exp",2018,-1.59726233650397,4.34380542185368,"Contadora pre_exp","BF18-1-11 pre_exp"
"47","Pacific","Gulf of Panama","Contadora","BF18-1-11",286,"BF18-1-11-286","core",46,0.24437,NA,NA,NA,NA,"Contadora","BF18-1-11-283.5",283.5,57,5174.975,5746,5734.449,6273.025,-3784.449,16,45,77,135,389.1,-3796,5746,281,5,"no",77,45,135,188.239145557965,2.44466422802552,4.18309212351034,1.39436404117011,"pre_exp",2018,-1.40907180880988,4.34380542185368,"Contadora pre_exp","BF18-1-11 pre_exp"
"48","Pacific","Gulf of Panama","Contadora","BF18-1-11",296,"BF18-1-11-296","core",24,0.17148,NA,NA,NA,NA,"Contadora","BF18-1-11-293.5",293.5,59,5429.975,5983.5,5962.49,6397,-4012.49,17,47,81,149.25,378.175,-4033.5,5983.5,291,5,"no",81,47,149.25,139.958012596221,1.72787669871878,2.97783005523875,0.93774212794788,"pre_exp",2018,-1.76328863725236,4.39444915467244,"Contadora pre_exp","BF18-1-11 pre_exp"
"49","Pacific","Gulf of Panama","Contadora","BF18-1-11",301,"BF18-1-11-301","core",16,0.15775,NA,NA,NA,NA,"Contadora","BF18-1-11-298.5",298.5,60,5549.925,6098.5,6074.814,6431.05,-4124.814,18,47,79.5,145.25,390.175,-4148.5,6098.5,296,5,"no",79.5,47,145.25,101.426307448494,1.27580260941502,2.15800654145733,0.698287830970702,"pre_exp",2018,-1.84674377756081,4.37575702166029,"Contadora pre_exp","BF18-1-11 pre_exp"
"50","Pacific","Gulf of Panama","Contadora","BF18-1-11",311,"BF18-1-11-311","core",22,0.18435,NA,NA,NA,NA,"Contadora","BF18-1-11-308.5",308.5,62,5903.575,6359,6313.696,6490.025,-4363.696,19,55,94.5,162,411.05,-4409,6359,306,5,"no",94.5,55,162,119.338215351234,1.26283825768502,2.1697857336588,0.73665565031626,"pre_exp",2018,-1.69091915430198,4.5485998344997,"Contadora pre_exp","BF18-1-11 pre_exp"
"51","Pacific","Gulf of Panama","Contadora","BF18-1-11",316,"BF18-1-11-316","core",18,0.16915,NA,NA,NA,NA,"Contadora","BF18-1-11-313.5",313.5,63,6238.6,6504,6486.586,6633.075,-4536.586,24.975,71,133,233,528.025,-4554,6504,311,5,"no",133,71,233,106.414425066509,0.800108459146684,1.49879471924661,0.456714270671713,"pre_exp",2018,-1.77696938375542,4.89034912822175,"Contadora pre_exp","BF18-1-11 pre_exp"
"52","Pacific","Gulf of Panama","Contadora","BF18-1-11",326,"BF18-1-11-326","core",17,0.12743,NA,NA,NA,NA,"Contadora","BF18-1-11-323.5",323.5,65,6513,6599,6643.322,7014.35,-4693.322,3,15,33,68,230.1,-4649,6599,321,5,"no",33,15,68,133.40657615946,4.04262351998364,8.89377174396401,1.96186141410971,"pre_exp",2018,-2.06018808475795,3.49650756146648,"Contadora pre_exp","BF18-1-11 pre_exp"
"53","Pacific","Gulf of Panama","Contadora","BF18-1-11",331,"BF18-1-11-331","core",27,0.16552,NA,NA,NA,NA,"Contadora","BF18-1-11-328.5",328.5,66,6518,6646,6693.495,7175.025,-4743.495,3,14,30,64,213,-4696,6646,326,5,"no",30,14,64,163.122281295312,5.43740937651039,11.6515915210937,2.54878564523925,"pre_exp",2018,-1.79866324554485,3.40119738166216,"Contadora pre_exp","BF18-1-11 pre_exp"
"54","Pacific","Gulf of Panama","Contadora","BF18-1-11",341,"BF18-1-11-341","core",18,0.13286,NA,NA,NA,NA,"Contadora","BF18-1-11-338.5",338.5,68,6529.925,6734.5,6790.069,7378.075,-4840.069,3,13,28,61,219.025,-4784.5,6734.5,336,5,"no",28,13,61,135.480957398766,4.83860562138449,10.4216121075974,2.22099930161911,"pre_exp",2018,-2.01845933674504,3.3322045101752,"Contadora pre_exp","BF18-1-11 pre_exp"
"55","Pacific","Gulf of Panama","Contadora","BF18-1-11",346,"BF18-1-11-346","core",18,0.12443,NA,NA,NA,NA,"Contadora","BF18-1-11-343.5",343.5,69,6532.975,6780.5,6840.303,7482.375,-4890.303,3,13.75,29,60,235.025,-4830.5,6780.5,341,5,"no",29,13.75,60,144.659647994857,4.98826372396057,10.5207016723532,2.41099413324761,"pre_exp",2018,-2.0840119701946,3.36729582998647,"Contadora pre_exp","BF18-1-11 pre_exp"
"56","Pacific","Gulf of Panama","Contadora","BF18-1-11",356,"BF18-1-11-356","core",31,0.12796,NA,NA,NA,NA,"Contadora","BF18-1-11-353.5",353.5,71,6544,6880.5,6947.316,7696.075,-4997.316,3,15.75,34,69,224,-4930.5,6880.5,351,5,"no",34,15.75,69,242.263207252266,7.12538844859607,15.3817909366518,3.51106097467053,"pre_exp",2018,-2.05603756390082,3.52636052461616,"Contadora pre_exp","BF18-1-11 pre_exp"
"57","Pacific","Gulf of Panama","Contadora","BF18-1-11",361,"BF18-1-11-361","core",30,0.11237,NA,NA,NA,NA,"Contadora","BF18-1-11-358.5",358.5,72,6562,6980,7040.693,7887.125,-5090.693,6,27,59,126,354.075,-5030,6980,356,5,"no",59,27,126,266.975171309068,4.52500290354353,9.88796930774327,2.11885056594499,"pre_exp",2018,-2.18595828106233,4.07753744390572,"Contadora pre_exp","BF18-1-11 pre_exp"
"58","Pacific","Gulf of Panama","Contadora","BF18-1-13",15,"BF18-1-13-15","core",12,0.14832,NA,NA,NA,NA,"Contadora","BF18-1-13-12.5",12.5,3,-24,-12,-10.985,5,1960.985,19,24,27,30,43.025,1962,-12,10,5,"no",56,24,30,59.5876534382076,1.44475265834489,2.48281889325865,1.98625511460692,"modern",2018,-1.90838317716459,4.02535169073515,"Contadora modern","BF18-1-13 modern"
"59","Pacific","Gulf of Panama","Contadora","BF18-1-13",25,"BF18-1-13-25","core",6,0.08991,NA,NA,NA,NA,"Contadora","BF18-1-13-22.5",22.5,5,5.975,30,36.911,165.025,1913.089,8,20,21,21,58.025,1920,30,20,5,"no",21,20,21,66.7334000667334,3.17778095555873,3.33667000333667,3.17778095555873,"modern",2018,-2.40894610898546,3.04452243772342,"Contadora modern","BF18-1-13 modern"
"60","Pacific","Gulf of Panama","Contadora","BF18-1-13",175,"BF18-1-13-175","core",33,0.17294,NA,NA,NA,NA,"Contadora","BF18-1-13-172.5",172.5,35,4208,4238,4238.259,4271,-2288.259,48,56,65,114,201,-2288,4238,170,5,"no",65,56,114,190.817624609691,2.93565576322602,3.40745758231591,1.67383881236571,"pre_exp",2018,-1.75481056544985,4.17438726989564,"Contadora pre_exp","BF18-1-13 pre_exp"
"61","Pacific","Gulf of Panama","Contadora","BF18-1-13",180,"BF18-1-13-180","core",27,0.15005,NA,NA,NA,NA,"Contadora","BF18-1-13-177.5",177.5,36,4268.975,4297,4297.503,4331,-2347.503,35.975,54.75,59,64.25,75,-2347,4297,175,5,"no",59,54.75,64.25,179.940019993336,3.04983084734467,3.28657570764083,2.80062287927371,"pre_exp",2018,-1.89678670709576,4.07753744390572,"Contadora pre_exp","BF18-1-13 pre_exp"
"62","Pacific","Gulf of Panama","Contadora","BF18-1-13",190,"BF18-1-13-190","core",14,0.14536,NA,NA,NA,NA,"Contadora","BF18-1-13-187.5",187.5,38,4384,4415,4415.59,4451,-2465.59,42,53,56,61,84.075,-2465,4415,185,5,"no",56,53,61,96.3126031920749,1.71986791414419,1.81721892815236,1.57889513429631,"pre_exp",2018,-1.92854185489422,4.02535169073515,"Contadora pre_exp","BF18-1-13 pre_exp"
"63","Pacific","Gulf of Panama","Contadora","BF18-1-13",195,"BF18-1-13-195","core",31,0.12844,NA,NA,NA,NA,"Contadora","BF18-1-13-192.5",192.5,39,4426,4453,4463.003,4618.675,-2513.003,17,37,39,43.25,157,-2503,4453,190,5,"no",39,37,43.25,241.35783245095,6.18866237053718,6.52318466083648,5.58052791794104,"pre_exp",2018,-2.05229340976082,3.66356164612965,"Contadora pre_exp","BF18-1-13 pre_exp"
"64","Pacific","Gulf of Panama","Contadora","BF18-1-13",205,"BF18-1-13-205","core",32,0.14076,NA,NA,NA,NA,"Contadora","BF18-1-13-202.5",202.5,41,4467.975,4528,4540.307,4780.05,-2590.307,14.975,36,37,38,77,-2578,4528,200,5,"no",37,36,38,227.337311736289,6.14425166854834,6.31492532600802,5.98256083516549,"pre_exp",2018,-1.96069896652875,3.61091791264422,"Contadora pre_exp","BF18-1-13 pre_exp"
"65","Pacific","Gulf of Panama","Contadora","BF18-1-13",210,"BF18-1-13-210","core",25,0.12407,NA,NA,NA,NA,"Contadora","BF18-1-13-207.5",207.5,42,4484,4565,4577.261,4820.325,-2627.261,14,36,37,38,64,-2615,4565,205,5,"no",37,36,38,201.499153703554,5.44592307306904,5.59719871398762,5.30260930798827,"pre_exp",2018,-2.08690935652736,3.61091791264422,"Contadora pre_exp","BF18-1-13 pre_exp"
"66","Pacific","Gulf of Panama","Contadora","BF18-1-13",220,"BF18-1-13-220","core",26,0.1136,NA,NA,NA,NA,"Contadora","BF18-1-13-217.5",217.5,44,4515.925,4641,4649.246,4899.075,-2699.246,13,36,37,38,49.025,-2691,4641,215,5,"no",37,36,38,228.87323943662,6.18576322801675,6.35758998435055,6.0229799851742,"pre_exp",2018,-2.17507177269509,3.61091791264422,"Contadora pre_exp","BF18-1-13 pre_exp"
"67","Pacific","Gulf of Panama","Contadora","BF18-1-13",225,"BF18-1-13-225","core",18,0.13634,NA,NA,NA,NA,"Contadora","BF18-1-13-222.5",222.5,45,4531.925,4678,4684.218,4916.025,-2734.218,13,36,37,38,45.025,-2728,4678,220,5,"no",37,36,38,132.022883966554,3.56818605315011,3.66730233240428,3.47428642017248,"pre_exp",2018,-1.9926035130475,3.61091791264422,"Contadora pre_exp","BF18-1-13 pre_exp"
"68","Pacific","Gulf of Panama","Contadora","BF18-1-13",235,"BF18-1-13-235","core",42,0.15604,NA,NA,NA,NA,"Contadora","BF18-1-13-232.5",232.5,47,4563.95,4753,4753.13,4967.05,-2803.13,12,35,37,38,43.025,-2803,4753,230,5,"no",37,35,38,269.161753396565,7.27464198369094,7.69033581133043,7.08320403675171,"pre_exp",2018,-1.85764289434368,3.61091791264422,"Contadora pre_exp","BF18-1-13 pre_exp"
"69","Pacific","Gulf of Panama","Contadora","BF18-1-13",240,"BF18-1-13-240","core",16,0.11008,NA,NA,NA,NA,"Contadora","BF18-1-13-237.5",237.5,48,4584.925,4791,4787.589,4981.05,-2837.589,12,35,37,38,44.025,-2841,4791,235,5,"no",37,35,38,145.348837209302,3.92834695160277,4.15282392026578,3.8249694002448,"pre_exp",2018,-2.2065479047971,3.61091791264422,"Contadora pre_exp","BF18-1-13 pre_exp"
"70","Pacific","Gulf of Panama","Contadora","BF18-1-13",250,"BF18-1-13-250","core",15,0.1309,NA,NA,NA,NA,"Contadora","BF18-1-13-247.5",247.5,50,4635,4866,4857.12,5009.025,-2907.12,12,36,37,38,47,-2916,4866,245,5,"no",37,36,38,114.591291061879,3.09706192059133,3.18309141838554,3.01556029110209,"pre_exp",2018,-2.03332160606628,3.61091791264422,"Contadora pre_exp","BF18-1-13 pre_exp"
"71","Pacific","Gulf of Panama","Contadora","BF18-1-13",255,"BF18-1-13-255","core",16,0.12013,NA,NA,NA,NA,"Contadora","BF18-1-13-252.5",252.5,51,4659.825,4904,4892.275,5023.025,-2942.275,12,36,37,38,50.025,-2954,4904,250,5,"no",37,36,38,133.189045201032,3.59970392435222,3.69969570002867,3.50497487371137,"pre_exp",2018,-2.11918078924885,3.61091791264422,"Contadora pre_exp","BF18-1-13 pre_exp"
"72","Pacific","Gulf of Panama","Contadora","BF18-1-13",265,"BF18-1-13-265","core",27,0.16102,NA,NA,NA,NA,"Contadora","BF18-1-13-262.5",262.5,53,4735,4979,4965.023,5052.025,-3015.023,12.975,36,37,38,70,-3029,4979,260,5,"no",37,36,38,167.681033411999,4.53191982194591,4.65780648366663,4.41265877399996,"pre_exp",2018,-1.8262266981103,3.61091791264422,"Contadora pre_exp","BF18-1-13 pre_exp"
"73","Pacific","Gulf of Panama","Contadora","BF18-1-13",270,"BF18-1-13-270","core",24,0.16423,NA,NA,NA,NA,"Contadora","BF18-1-13-267.5",267.5,54,4791.925,5016,5002.853,5066,-3052.853,12,36,37,38,80.025,-3066,5016,265,5,"no",37,36,38,146.136515861901,3.94963556383516,4.05934766283058,3.8456977858395,"pre_exp",2018,-1.80648739463267,3.61091791264422,"Contadora pre_exp","BF18-1-13 pre_exp"
"74","Pacific","Gulf of Panama","Contadora","BF18-1-13",280,"BF18-1-13-280","core",29,0.14467,NA,NA,NA,NA,"Contadora","BF18-1-13-277.5",277.5,56,5050,5089,5091.13,5152.025,-3141.13,14,31,36,38,189.1,-3139,5089,275,5,"no",36,31,38,200.45621068639,5.56822807462194,6.46632937698031,5.27516343911552,"pre_exp",2018,-1.93329999234064,3.58351893845611,"Contadora pre_exp","BF18-1-13 pre_exp"
"75","Pacific","Gulf of Panama","Contadora","BF18-1-13",286,"BF18-1-13-286","core",19,0.13012,NA,NA,NA,NA,"Contadora","BF18-1-13-283",283,57,5077.975,5105,5146.488,5575.7,-3196.488,1,8,19,47,372.175,-3155,5105,280,6,"yes",19,8,47,146.019059329849,7.68521364893944,18.2523824162312,3.10678849637977,"pre_exp",2018,-2.03929817737699,2.94443897916644,"Contadora pre_exp","BF18-1-13 pre_exp"
"76","Pacific","Gulf of Panama","Contadora","BF18-1-12",15,"BF18-1-12-15","core",4,0.1008,NA,NA,NA,NA,"Contadora","BF18-1-12-13",13,3,-58,-53,-49.038,-4.925,1999.038,3,6,7,10,46.025,2003,-53,11,4,"yes",15,6,10,68.0503572643756,2.64550264550265,11.3417262107293,6.80503572643756,"modern",2018,-2.29461692334487,2.70805020110221,"Contadora modern","BF18-1-12 modern"
"77","Pacific","Gulf of Panama","Contadora","BF18-1-12",25,"BF18-1-12-25","core",2,0.10069,NA,NA,NA,NA,"Contadora","BF18-1-12-22.5",22.5,5,-47,-24,-9.725,94.075,1959.725,3,8,13,21,58.025,1974,-24,20,5,"no",13,8,21,19.8629456748436,1.52791889806489,2.48286820935545,0.945854555944932,"modern",2018,-2.29570878905461,2.56494935746154,"Contadora modern","BF18-1-12 modern"
"78","Pacific","Gulf of Panama","Contadora","BF18-1-12",30,"BF18-1-12-30","core",6,0.13356,NA,NA,NA,NA,"Contadora","BF18-1-12-27.5",27.5,6,-43.025,-10,4.648,113.05,1945.352,3,7,12,17,46.025,1960,-10,25,5,"no",12,7,17,44.9236298292902,3.74363581910752,6.41766140418431,2.64256646054648,"modern",2018,-2.01320446390668,2.484906649788,"Contadora modern","BF18-1-12 modern"
"79","Pacific","Gulf of Panama","Contadora","BF18-1-12",40,"BF18-1-12-40","core",11,0.18847,NA,NA,NA,NA,"Contadora","BF18-1-12-37.5",37.5,8,-35,16,29.756,142,1920.244,2,6.75,10,14,38,1934,16,35,5,"no",10,6.75,14,58.3647264816682,5.83647264816682,8.64662614543232,4.16890903440487,"modern",2018,-1.6688164359536,2.30258509299405,"Contadora modern","BF18-1-12 modern"
"80","Pacific","Gulf of Panama","Contadora","BF18-1-12",45,"BF18-1-12-45","core",10,0.11334,NA,NA,NA,NA,"Contadora","BF18-1-12-42.5",42.5,9,-30.025,30,41.911,152.025,1908.089,2,6,10,14,40.025,1920,30,40,5,"no",10,6,14,88.2301041115228,8.82301041115229,14.7050173519205,6.3021502936802,"modern",2018,-2.17736312824066,2.30258509299405,"Contadora modern","BF18-1-12 modern"
"81","Pacific","Gulf of Panama","Contadora","BF18-1-12",224,"BF18-1-12-224","core",28,0.1818,NA,NA,NA,NA,"Contadora","BF18-1-12-221.5",221.5,45,3928,3956,3955.012,3970,-2005.012,1,4,6,8,16,-2006,3956,219,5,"no",6,4,8,154.015401540154,25.6692335900257,38.5038503850385,19.2519251925193,"pre_exp",2018,-1.70484809723876,1.79175946922805,"Contadora pre_exp","BF18-1-12 pre_exp"
"82","Pacific","Gulf of Panama","Contadora","BF18-1-12",234,"BF18-1-12-234","core",20,0.14794,NA,NA,NA,NA,"Contadora","BF18-1-12-231.5",231.5,47,3955,3974,3993.189,4224.45,-2043.189,2,7,10,22.25,230.1,-2024,3974,229,5,"no",10,7,22.25,135.189941868325,13.5189941868325,19.3128488383321,6.07595244352023,"pre_exp",2018,-1.91094849282242,2.30258509299405,"Contadora pre_exp","BF18-1-12 pre_exp"
"83","Pacific","Gulf of Panama","Contadora","BF18-1-12",239,"BF18-1-12-239","core",34,0.18106,NA,NA,NA,NA,"Contadora","BF18-1-12-236.5",236.5,48,3974,4039,4112.395,4635.175,-2162.395,5,26,61.5,148,562,-2089,4039,234,5,"no",61.5,26,148,187.783055340771,3.05338301367107,7.22242520541427,1.26880442797818,"pre_exp",2018,-1.70892681093484,4.11903717481247,"Contadora pre_exp","BF18-1-12 pre_exp"
"84","Pacific","Gulf of Panama","Saboga","AT19-1-1",15,"AT19-1-1-15","core",5,0.1103,NA,NA,NA,NA,"Saboga","AT19-1-1-12.5",12.5,3,-62,-46,-37.476,44,1987.476,3,8,11,12,39.025,1996,-46,10,5,"no",23,8,12,19.9362041467305,1.97090937758682,2.49202551834131,1.66135034556087,"modern",2019,-2.20455135272268,3.13549421592915,"Saboga modern","AT19-1-1 modern"
"85","Pacific","Gulf of Panama","Saboga","AT19-1-1",25,"AT19-1-1-25","core",4,0.08338,NA,NA,NA,NA,"Saboga","AT19-1-1-22.5",22.5,5,-55,-23,-15.597,62.025,1965.597,3,7,11,12,25,1973,-23,20,5,"no",11,7,12,47.9731350443752,4.3611940949432,6.85330500633931,3.99776125369793,"modern",2019,-2.48434680652949,2.39789527279837,"Saboga modern","AT19-1-1 modern"
"86","Pacific","Gulf of Panama","Saboga","AT19-1-1",30,"AT19-1-1-30","core",9,0.09456,NA,NA,NA,NA,"Saboga","AT19-1-1-27.5",27.5,6,-51,-12,-5.645,68.05,1955.645,3,7,11,12,22.025,1962,-12,25,5,"no",11,7,12,95.1776649746193,8.65251499769266,13.5968092820885,7.93147208121827,"modern",2019,-2.35852072532435,2.39789527279837,"Saboga modern","AT19-1-1 modern"
"87","Pacific","Gulf of Panama","Saboga","AT19-1-1",40,"AT19-1-1-40","core",15,0.13664,NA,NA,NA,NA,"Saboga","AT19-1-1-37.5",37.5,8,-43.025,11,13.833,85,1936.167,2,6,11,11,21.025,1939,11,35,5,"no",11,6,11,109.777517564403,9.97977432403662,18.2962529274005,9.97977432403662,"modern",2019,-1.99040554894188,2.39789527279837,"Saboga modern","AT19-1-1 modern"
"88","Pacific","Gulf of Panama","Saboga","AT19-1-1",45,"AT19-1-1-45","core",10,0.11536,NA,NA,NA,NA,"Saboga","AT19-1-1-42.5",42.5,9,-38.025,22,23.166,89,1926.834,2.975,6,11,11,18,1928,22,40,5,"no",11,6,11,86.6851595006935,7.88046904551759,14.4475265834489,7.88046904551759,"modern",2019,-2.1596976054455,2.39789527279837,"Saboga modern","AT19-1-1 modern"
"89","Pacific","Gulf of Panama","Saboga","AT19-1-1",55,"AT19-1-1-55","core",13,0.10463,NA,NA,NA,NA,"Saboga","AT19-1-1-52.5",52.5,11,-29.025,44,41.786,97,1908.214,2,6,10,11,16,1906,44,50,5,"no",10,6,11,124.247347796999,12.4247347796999,20.7078912994998,11.2952134360908,"modern",2019,-2.25732496158918,2.30258509299405,"Saboga modern","AT19-1-1 modern"
"90","Pacific","Gulf of Panama","Saboga","AT19-1-1",220,"AT19-1-1-220","core",2,0.10733,NA,NA,NA,NA,"Saboga","AT19-1-1-217.5",217.5,44,2749.95,2987,2995.443,3233.05,-1045.443,12,33,49,64,87.025,-1037,2987,215,5,"no",49,33,64,18.6341190720209,0.380288144326957,0.564670274909723,0.291158110500326,"pre_exp",2019,-2.2318470784887,3.89182029811063,"Saboga pre_exp","AT19-1-1 pre_exp"
"91","Pacific","Gulf of Panama","Saboga","AT19-1-1",225,"AT19-1-1-225","core",1,0.10555,NA,NA,NA,NA,"Saboga","AT19-1-1-222.5",222.5,45,2777.95,3042,3044.126,3252,-1094.126,13,33,49,63,84,-1092,3042,220,5,"no",49,33,63,9.47418285172904,0.19335067044345,0.287096450052395,0.15038385478935,"pre_exp",2019,-2.24857050468781,3.89182029811063,"Saboga pre_exp","AT19-1-1 pre_exp"
"92","Pacific","Gulf of Panama","Saboga","AT19-1-1",235,"AT19-1-1-235","core",5,0.09691,NA,NA,NA,NA,"Saboga","AT19-1-1-232.5",232.5,47,2852,3159,3143.826,3283,-1193.826,12,34,51,64,92,-1209,3159,230,5,"no",51,34,64,51.5942627179858,1.01165221015658,1.51747831523488,0.806160354968528,"pre_exp",2019,-2.33397256623568,3.93182563272433,"Saboga pre_exp","AT19-1-1 pre_exp"
"93","Pacific","Gulf of Panama","Saboga","AT19-1-1",240,"AT19-1-1-240","core",7,0.12673,NA,NA,NA,NA,"Saboga","AT19-1-1-237.5",237.5,48,2931.775,3216,3196.359,3301,-1246.359,13,36,52,66,106.025,-1266,3216,235,5,"no",52,36,66,55.2355401246745,1.06222192547451,1.53432055901874,0.836902123101129,"pre_exp",2019,-2.06569643988816,3.95124371858143,"Saboga pre_exp","AT19-1-1 pre_exp"
"94","Pacific","Gulf of Panama","Saboga","AT19-1-1",250,"AT19-1-1-250","core",8,0.13456,NA,NA,NA,NA,"Saboga","AT19-1-1-247.5",247.5,50,3260.975,3328,3322.098,3358,-1372.098,15,38,53,70,244.1,-1378,3328,245,5,"no",53,38,70,59.4530321046373,1.12175532272901,1.56455347643782,0.849329030066248,"pre_exp",2019,-2.0057450827575,3.97029191355212,"Saboga pre_exp","AT19-1-1 pre_exp"
"95","Pacific","Gulf of Panama","Saboga","AT19-1-1",255,"AT19-1-1-255","core",7,0.12049,NA,NA,NA,NA,"Saboga","AT19-1-1-252.5",252.5,51,3334,3349,3354.294,3424.075,-1404.294,7,18,22,34,106.025,-1399,3349,250,5,"no",22,18,34,58.0961075607934,2.64073216185425,3.22756153115519,1.70870904590569,"pre_exp",2019,-2.11618851704695,3.09104245335832,"Saboga pre_exp","AT19-1-1 pre_exp"
"96","Pacific","Gulf of Panama","Saboga","AT19-1-1",265,"AT19-1-1-265","core",NA,NA,NA,NA,NA,NA,"Saboga","AT19-1-1-262.5",262.5,53,3351.975,3388,3391.459,3463,-1441.459,5.975,15,19,20,35,-1438,3388,260,5,"no",19,15,20,NA,NA,NA,NA,"pre_exp",2019,NA,2.94443897916644,"Saboga pre_exp","AT19-1-1 pre_exp"
"97","Pacific","Gulf of Panama","Saboga","AT19-1-1",270,"AT19-1-1-270","core",NA,NA,NA,NA,NA,NA,"Saboga","AT19-1-1-267.5",267.5,54,3358.975,3407,3408.503,3471.025,-1458.503,5,13,19,20,27,-1457,3407,265,5,"no",19,13,20,NA,NA,NA,NA,"pre_exp",2019,NA,2.94443897916644,"Saboga pre_exp","AT19-1-1 pre_exp"
"98","Pacific","Gulf of Panama","Saboga","AT19-1-1",280,"AT19-1-1-280","core",6,0.11025,NA,NA,NA,NA,"Saboga","AT19-1-1-277.5",277.5,56,3375,3446,3442.31,3489.025,-1492.31,5,14,19,20,26.025,-1496,3446,275,5,"no",19,14,20,54.421768707483,2.86430361618332,3.88726919339164,2.72108843537415,"pre_exp",2019,-2.20500476465518,2.94443897916644,"Saboga pre_exp","AT19-1-1 pre_exp"
"99","Pacific","Gulf of Panama","Saboga","AT19-1-1",285,"AT19-1-1-285","core",NA,NA,NA,NA,NA,NA,"Saboga","AT19-1-1-282.5",282.5,57,3386.975,3465,3459.876,3497,-1509.876,5,15,19,20,31,-1515,3465,280,5,"no",19,15,20,NA,NA,NA,NA,"pre_exp",2019,NA,2.94443897916644,"Saboga pre_exp","AT19-1-1 pre_exp"
"100","Pacific","Gulf of Panama","Saboga","AT19-1-1",295,"AT19-1-1-295","core",9,0.09278,NA,NA,NA,NA,"Saboga","AT19-1-1-292.5",292.5,59,3476.975,3508,3521.633,3604.05,-1571.633,8,19,26,48,144.125,-1558,3508,290,5,"no",26,19,48,97.0036645828842,3.73091017626478,5.10545603067812,2.02090967881009,"pre_exp",2019,-2.37752417965854,3.25809653802148,"Saboga pre_exp","AT19-1-1 pre_exp"
"101","Pacific","Gulf of Panama","Saboga","AT19-1-1",300,"AT19-1-1-300","core",6,0.07771,NA,NA,NA,NA,"Saboga","AT19-1-1-297.5",297.5,60,3543.975,3625,3659.607,4129.2,-1709.607,39.975,88,114,122,498.875,-1675,3625,295,5,"no",114,88,122,77.2101402650881,0.677281932149896,0.87738795755782,0.632870002172854,"pre_exp",2019,-2.55477132976099,4.7361984483945,"Saboga pre_exp","AT19-1-1 pre_exp"
"102","Pacific","Gulf of Panama","Saboga","AT19-1-1",310,"AT19-1-1-310","core",2,0.09366,NA,NA,NA,NA,"Saboga","AT19-1-1-307.5",307.5,62,3636.95,3867,3895.16,4356.075,-1945.16,36.975,96.75,118,124,225.025,-1917,3867,305,5,"no",118,96.75,124,21.3538330130258,0.180964686551066,0.220711452331016,0.172208330750208,"pre_exp",2019,-2.36808407522674,4.77068462446567,"Saboga pre_exp","AT19-1-1 pre_exp"
"103","Pacific","Gulf of Panama","Saboga","AT19-1-1",315,"AT19-1-1-315","core",1,0.12844,NA,NA,NA,NA,"Saboga","AT19-1-1-312.5",312.5,63,3681.9,3986,4002.598,4433.05,-2052.598,34,87,117,123,181.1,-2036,3986,310,5,"no",117,87,123,7.7857365306758,0.0665447566724428,0.0894912244905265,0.0632986709811041,"pre_exp",2019,-2.05229340976082,4.76217393479776,"Saboga pre_exp","AT19-1-1 pre_exp"
"104","Pacific","Gulf of Panama","Saboga","AT19-1-1",325,"AT19-1-1-325","core",2,0.10633,NA,NA,NA,NA,"Saboga","AT19-1-1-322.5",322.5,65,3793.85,4224.5,4212.918,4536.025,-2262.918,33,85,116,122,160.075,-2274.5,4224.5,320,5,"no",116,85,122,18.8093670647983,0.162149716075847,0.221286671350568,0.154175139875396,"pre_exp",2019,-2.24120781331914,4.75359019110636,"Saboga pre_exp","AT19-1-1 pre_exp"
"105","Pacific","Gulf of Panama","Saboga","AT19-1-1",330,"AT19-1-1-330","core",3,0.17121,NA,NA,NA,NA,"Saboga","AT19-1-1-327.5",327.5,66,3864.875,4346.5,4320.222,4585,-2370.222,34,86,117,123,182.025,-2396.5,4346.5,325,5,"no",117,86,123,17.5223409847556,0.149763598160304,0.20374815098553,0.142458056786631,"pre_exp",2019,-1.76486440576541,4.76217393479776,"Saboga pre_exp","AT19-1-1 pre_exp"
"106","Pacific","Gulf of Panama","Saboga","AT19-1-1",340,"AT19-1-1-340","core",8,0.13491,NA,NA,NA,NA,"Saboga","AT19-1-1-337.5",337.5,68,4108.875,4589,4554.677,4675.025,-2604.677,36,104,119,126,291.1,-2639,4589,335,5,"no",119,104,126,59.2987917871173,0.498309174681658,0.570180690260744,0.470625331643788,"pre_exp",2019,-2.00314738953141,4.77912349311153,"Saboga pre_exp","AT19-1-1 pre_exp"
"107","Pacific","Gulf of Panama","Saboga","AT19-1-1",345,"AT19-1-1-345","core",9,0.16351,NA,NA,NA,NA,"Saboga","AT19-1-1-342.5",342.5,69,4590.9,4704,4702.394,4865.075,-2752.394,40.975,95,116,129,529.2,-2754,4704,340,5,"no",116,95,129,55.042505045563,0.47450435384106,0.579394789953294,0.426686085624519,"pre_exp",2019,-1.81088112843564,4.75359019110636,"Saboga pre_exp","AT19-1-1 pre_exp"
"108","Pacific","Gulf of Panama","Saboga","AT19-1-2",15,"AT19-1-2-15","core",2,0.09977,NA,NA,NA,NA,"Saboga","AT19-1-2-12.5",12.5,3,-66,-61,-60.166,-51,2010.166,1,3,4,4,7,2011,-61,10,5,"no",8,3,4,19.4969779684149,2.50576325548762,6.4989926561383,4.87424449210372,"modern",2019,-2.30488774205672,2.07944154167984,"Saboga modern","AT19-1-2 modern"
"109","Pacific","Gulf of Panama","Saboga","AT19-1-2",40,"AT19-1-2-40","core",6,0.07832,NA,NA,NA,NA,"Saboga","AT19-1-2-37.5",37.5,8,-43,-34,-24.643,64,1974.643,3,7,10,17,78.1,1984,-34,35,5,"no",10,7,17,76.608784473953,7.6608784473953,10.9441120677076,4.50639908670312,"modern",2019,-2.54695228075988,2.30258509299405,"Saboga modern","AT19-1-2 modern"
"110","Pacific","Gulf of Panama","Saboga","AT19-1-2",45,"AT19-1-2-45","core",8,0.1013,NA,NA,NA,NA,"Saboga","AT19-1-2-42.5",42.5,9,-41,-23,-10.35,94,1960.35,2,7,10,15,49,1973,-23,40,5,"no",10,7,15,78.9733464955577,7.89733464955578,11.2819066422225,5.26488976637052,"modern",2019,-2.2896688677275,2.30258509299405,"Saboga modern","AT19-1-2 modern"
"111","Pacific","Gulf of Panama","Saboga","AT19-1-2",55,"AT19-1-2-55","core",16,0.15121,NA,NA,NA,NA,"Saboga","AT19-1-2-52.5",52.5,11,-34.025,-3,12.623,119,1937.377,2,6,10,11,30.025,1953,-3,50,5,"no",10,6,11,105.813107598704,10.5813107598704,17.6355179331173,9.61937341806398,"modern",2019,-1.88908567985756,2.30258509299405,"Saboga modern","AT19-1-2 modern"
"112","Pacific","Gulf of Panama","Saboga","AT19-1-2",60,"AT19-1-2-60","core",11,0.15738,NA,NA,NA,NA,"Saboga","AT19-1-2-57.5",57.5,12,-31.025,8,22.711,128.1,1927.289,2,6,10,11,28.025,1942,8,55,5,"no",10,6,11,69.8945228110306,6.98945228110306,11.6490871351718,6.35404752827551,"modern",2019,-1.8490920158753,2.30258509299405,"Saboga modern","AT19-1-2 modern"
"113","Pacific","Gulf of Panama","Saboga","AT19-1-2",70,"AT19-1-2-70","core",12,0.12382,NA,NA,NA,NA,"Saboga","AT19-1-2-67.5",67.5,14,-25,28,42.308,143.025,1907.692,2,5,9,11,27,1922,28,65,5,"no",9,5,11,96.9148764335325,10.7683196037258,19.3829752867065,8.81044331213932,"modern",2019,-2.08892638089105,2.19722457733622,"Saboga modern","AT19-1-2 modern"
"114","Pacific","Gulf of Panama","Saboga","AT19-1-2",75,"AT19-1-2-75","core",12,0.14045,NA,NA,NA,NA,"Saboga","AT19-1-2-72.5",72.5,15,-21.025,38,51.298,147,1898.702,2,5,8,11,25.025,1912,38,70,5,"no",8,5,11,85.439658241367,10.6799572801709,17.0879316482734,7.76724165830609,"modern",2019,-1.96290372543188,2.07944154167984,"Saboga modern","AT19-1-2 modern"
"115","Pacific","Gulf of Panama","Saboga","AT19-1-2",280,"AT19-1-2-280","core",5,0.12708,NA,NA,NA,NA,"Saboga","AT19-1-2-277.5",277.5,56,2642,3082.5,3103.74,3673.025,-1153.74,14,38,63,75,153.025,-1132.5,3082.5,275,5,"no",63,38,75,39.3452943028014,0.624528480996847,1.03540248165267,0.524603924037352,"pre_exp",2019,-2.06293846958082,4.14313472639153,"Saboga pre_exp","AT19-1-2 pre_exp"
"116","Pacific","Gulf of Panama","Saboga","AT19-1-2",325,"AT19-1-2-325","core",3,0.1196,NA,NA,NA,NA,"Saboga","AT19-1-2-322.5",322.5,65,2996.925,3750,3678.025,3955,-1728.025,17,41,72,76,172.025,-1800,3750,320,5,"no",72,41,76,25.0836120401338,0.348383500557414,0.611795415613019,0.330047526843866,"pre_exp",2019,-2.12360243746561,4.27666611901606,"Saboga pre_exp","AT19-1-2 pre_exp"
"117","Pacific","Gulf of Panama","Saboga","AT19-1-2",330,"AT19-1-2-330","core",8,0.13714,NA,NA,NA,NA,"Saboga","AT19-1-2-327.5",327.5,66,3076.85,3825,3749.667,3979.025,-1799.667,17,43,73,77,194.125,-1875,3825,325,5,"no",73,43,77,58.3345486364299,0.799103405978492,1.35661741014953,0.757591540732856,"pre_exp",2019,-1.98675297712592,4.29045944114839,"Saboga pre_exp","AT19-1-2 pre_exp"
"118","Pacific","Gulf of Panama","Saboga","AT19-1-2",340,"AT19-1-2-340","core",6,0.08304,NA,NA,NA,NA,"Saboga","AT19-1-2-337.5",337.5,68,3443.65,3975,3919.897,4033.025,-1969.897,19,50,74,87,346.025,-2025,3975,335,5,"no",74,50,87,72.2543352601156,0.976409935947508,1.44508670520231,0.830509600690984,"pre_exp",2019,-2.48843285956456,4.30406509320417,"Saboga pre_exp","AT19-1-2 pre_exp"
"119","Pacific","Gulf of Panama","Saboga","AT19-1-2",345,"AT19-1-2-345","core",3,0.06665,NA,NA,NA,NA,"Saboga","AT19-1-2-342.5",342.5,69,3890.225,4049,4041.853,4191.025,-2091.853,22.975,54,73,115.25,558.2,-2099,4049,340,5,"no",73,54,115.25,45.0112528132033,0.616592504290456,0.833541718763024,0.390553169745799,"pre_exp",2019,-2.70830023235742,4.29045944114839,"Saboga pre_exp","AT19-1-2 pre_exp"
"120","Pacific","Gulf of Panama","Saboga","AT19-1-3",15,"AT19-1-3-15","core",7,0.17195,NA,NA,NA,NA,"Saboga","AT19-1-3-12.5",12.5,3,-47,1,12.904,151.025,1937.096,9,26,35,37,87.075,1949,1,10,5,"no",70,26,37,54.5181954477307,0.581564408258215,2.09685367106656,1.47346474183056,"modern",2019,-1.76055154210386,4.24849524204936,"Saboga modern","AT19-1-3 modern"
"121","Pacific","Gulf of Panama","Saboga","AT19-1-3",205,"AT19-1-3-205","core",9,0.08662,NA,NA,NA,NA,"Saboga","AT19-1-3-202.5",202.5,41,2679.95,2997,2987.533,3244,-1037.533,9.975,22,38,49,100,-1047,2997,200,5,"no",38,22,49,103.902101131378,2.7342658192468,4.72282277869902,2.12045104349752,"pre_exp",2019,-2.44622454319566,3.63758615972639,"Saboga pre_exp","AT19-1-3 pre_exp"
"122","Pacific","Gulf of Panama","Saboga","AT19-1-3",210,"AT19-1-3-210","core",5,0.08629,NA,NA,NA,NA,"Saboga","AT19-1-3-207.5",207.5,42,2699.975,3045,3027.464,3259,-1077.464,10,23,39,49,101.15,-1095,3045,205,5,"no",39,23,49,57.9441418472592,1.4857472268528,2.51931051509823,1.18253350708692,"pre_exp",2019,-2.45004156246192,3.66356164612965,"Saboga pre_exp","AT19-1-3 pre_exp"
"123","Pacific","Gulf of Panama","Saboga","AT19-1-3",220,"AT19-1-3-220","core",5,0.0844,NA,NA,NA,NA,"Saboga","AT19-1-3-217.5",217.5,44,2765.875,3140,3108.962,3289.025,-1158.962,9,24,42,50,100.025,-1190,3140,215,5,"no",42,24,50,59.2417061611374,1.41051681336042,2.46840442338073,1.18483412322275,"pre_exp",2019,-2.47218787738023,3.73766961828337,"Saboga pre_exp","AT19-1-3 pre_exp"
"124","Pacific","Gulf of Panama","Saboga","AT19-1-3",225,"AT19-1-3-225","core",3,0.0718,NA,NA,NA,NA,"Saboga","AT19-1-3-222.5",222.5,45,2818.975,3189,3153.514,3303.025,-1203.514,10,25,45,50,121,-1239,3189,220,5,"no",45,25,50,41.7827298050139,0.928505106778087,1.67130919220056,0.835654596100279,"pre_exp",2019,-2.63387080292796,3.80666248977032,"Saboga pre_exp","AT19-1-3 pre_exp"
"125","Pacific","Gulf of Panama","Saboga","AT19-1-3",235,"AT19-1-3-235","core",5,0.06946,NA,NA,NA,NA,"Saboga","AT19-1-3-232.5",232.5,47,2966.975,3288,3257.442,3331,-1307.442,12,32,49,62,175.05,-1338,3288,230,5,"no",49,32,62,71.9838756118629,1.46905868595639,2.24949611287072,1.16103025180424,"pre_exp",2019,-2.66700423166621,3.89182029811063,"Saboga pre_exp","AT19-1-3 pre_exp"
"126","Pacific","Gulf of Panama","Saboga","AT19-1-3",240,"AT19-1-3-240","core",10,0.06887,NA,NA,NA,NA,"Saboga","AT19-1-3-237.5",237.5,48,3220.975,3339,3338.644,3461.05,-1388.644,14,40.75,50,94,305.25,-1389,3339,235,5,"no",50,40.75,94,145.201103528387,2.90402207056774,3.56321726450029,1.54469259072752,"pre_exp",2019,-2.67553460942553,3.91202300542815,"Saboga pre_exp","AT19-1-3 pre_exp"
"127","Pacific","Gulf of Panama","Saboga","AT19-1-3",250,"AT19-1-3-250","core",7,0.06894,NA,NA,NA,NA,"Saboga","AT19-1-3-247.5",247.5,50,3359.975,3440.5,3487.965,3925.1,-1537.965,9.975,30,49,70,216.275,-1490.5,3440.5,245,5,"no",49,30,70,101.537568900493,2.07219528368353,3.38458563001644,1.45053669857847,"pre_exp",2019,-2.67451871789342,3.89182029811063,"Saboga pre_exp","AT19-1-3 pre_exp"
"128","Pacific","Gulf of Panama","Saboga","AT19-1-3",255,"AT19-1-3-255","core",NA,NA,NA,NA,NA,NA,"Saboga","AT19-1-3-252.5",252.5,51,3373,3489,3540.789,3995.175,-1590.789,9,27,48,58,164.275,-1539,3489,250,5,"no",48,27,58,NA,NA,NA,NA,"pre_exp",2019,NA,3.87120101090789,"Saboga pre_exp","AT19-1-3 pre_exp"
"129","Pacific","Gulf of Panama","Saboga","AT19-1-3",265,"AT19-1-3-265","core",8,0.06173,NA,NA,NA,NA,"Saboga","AT19-1-3-262.5",262.5,53,3396,3586,3632.211,4100.3,-1682.211,9,24,40,50,133,-1636,3586,260,5,"no",40,24,50,129.596630487607,3.23991576219018,5.39985960365031,2.59193260975215,"pre_exp",2019,-2.78498524257633,3.68887945411394,"Saboga pre_exp","AT19-1-3 pre_exp"
"130","Pacific","Gulf of Panama","Saboga","AT19-1-3",270,"AT19-1-3-270","core",6,0.06744,NA,NA,NA,NA,"Saboga","AT19-1-3-267.5",267.5,54,3408,3636,3673.695,4133.1,-1723.695,8,24,38,50,111.025,-1686,3636,265,5,"no",38,24,50,88.9679715302491,2.34126240869077,3.70699881376038,1.77935943060498,"pre_exp",2019,-2.69651696528854,3.63758615972639,"Saboga pre_exp","AT19-1-3 pre_exp"
"131","Pacific","Gulf of Panama","Saboga","AT19-1-3",280,"AT19-1-3-280","core",10,0.0722,NA,NA,NA,NA,"Saboga","AT19-1-3-277.5",277.5,56,3442,3733,3755.76,4203.025,-1805.76,9,23,37,50,113.025,-1783,3733,275,5,"no",37,23,50,138.504155124654,3.74335554390956,6.02191978802842,2.77008310249307,"pre_exp",2019,-2.62831523308336,3.61091791264422,"Saboga pre_exp","AT19-1-3 pre_exp"
"132","Pacific","Gulf of Panama","Saboga","AT19-1-3",285,"AT19-1-3-285","core",6,0.07867,NA,NA,NA,NA,"Saboga","AT19-1-3-282.5",282.5,57,3456.975,3782,3796.28,4224.05,-1846.28,9,23,36,49,124,-1832,3782,280,5,"no",36,23,49,76.2679547476802,2.11855429854667,3.31599803250783,1.55648887240164,"pre_exp",2019,-2.54249339064099,3.58351893845611,"Saboga pre_exp","AT19-1-3 pre_exp"
"133","Pacific","Gulf of Panama","Saboga","AT19-1-3",370,"AT19-1-3-370","core",11,0.06226,NA,NA,NA,NA,"Saboga","AT19-1-3-367.5",367.5,74,4389,4418,4417.394,4439.025,-2467.394,2,5,7,9,13,-2468,4418,365,5,"no",7,5,9,176.678445229682,25.2397778899546,35.3356890459364,19.6309383588536,"pre_exp",2019,-2.77643611396867,1.94591014905531,"Saboga pre_exp","AT19-1-3 pre_exp"
"134","Pacific","Gulf of Panama","Isla Iguana","JC22-2-1",15,"JC22-2-1-15","core",0,0.01136,NA,NA,NA,NA,"Isla Iguana","JC22-2-1-12.5",12.5,3,-55,-26,-25.899,4,1975.899,6,17,22,24,34.025,1976,-26,10,5,"no",46,17,24,0,0,0,0,"modern",2022,-4.47765686568913,3.8286413964891,"Isla Iguana modern","JC22-2-1 modern"
"135","Pacific","Gulf of Panama","Isla Iguana","JC22-2-1",25,"JC22-2-1-25","core",0,0.00951,NA,NA,NA,NA,"Isla Iguana","JC22-2-1-22.5",22.5,5,-3.025,18,16.154,24,1933.846,7,16,20,24,53,1932,18,20,5,"no",20,16,24,0,0,0,0,"modern",2022,-4.65541140242484,2.99573227355399,"Isla Iguana modern","JC22-2-1 modern"
"136","Pacific","Gulf of Panama","Isla Iguana","JC22-2-1",160,"JC22-2-1-160","core",56,0.18263,NA,NA,NA,NA,"Isla Iguana","JC22-2-1-157.5",157.5,32,3390.25,4137,4057.76,4289.125,-2107.76,159.95,393,514,612.75,1694.4,-2187,4137,155,5,"no",514,393,612.75,306.630893062476,0.596558157709097,0.780231280057191,0.500417614137048,"pre_exp",2022,-1.70029303077819,6.24222326545517,"Isla Iguana pre_exp","JC22-2-1 pre_exp"
"137","Pacific","Gulf of Panama","Isla Iguana","JC22-2-1",165,"JC22-2-1-165","core",61,0.15362,NA,NA,NA,NA,"Isla Iguana","JC22-2-1-162.5",162.5,33,4154,4209,4239.738,4498.25,-2289.738,23.975,65,107,212,914.025,-2259,4209,160,5,"no",107,65,212,397.083713058196,3.71106273886164,6.10898020089532,1.87303638234998,"pre_exp",2022,-1.8732732584116,4.67282883446191,"Isla Iguana pre_exp","JC22-2-1 pre_exp"
"138","Pacific","Gulf of Panama","Isla Iguana","JC22-2-1",175,"JC22-2-1-175","core",180,0.08997,NA,NA,NA,NA,"Isla Iguana","JC22-2-1-172.5",172.5,35,4195,4348,4373.195,4653.15,-2423.195,13,36,60,73,167,-2398,4348,170,5,"no",60,36,73,2000.66688896299,33.3444481493831,55.5740802489719,27.406395739219,"pre_exp",2022,-2.40827899755311,4.0943445622221,"Isla Iguana pre_exp","JC22-2-1 pre_exp"
"139","Pacific","Gulf of Panama","Isla Iguana","JC22-2-1",180,"JC22-2-1-180","core",169,0.10851,NA,NA,NA,NA,"Isla Iguana","JC22-2-1-177.5",177.5,36,4215,4416,4431.071,4710.025,-2481.071,14,33,53,71,150.075,-2466,4416,175,5,"no",53,33,71,1557.4601419224,29.3860404136303,47.1957618764365,21.9360583369353,"pre_exp",2022,-2.22091294435002,3.97029191355212,"Isla Iguana pre_exp","JC22-2-1 pre_exp"
"140","Pacific","Gulf of Panama","Isla Iguana","JC22-2-1",190,"JC22-2-1-190","core",63,0.09365,NA,NA,NA,NA,"Isla Iguana","JC22-2-1-187.5",187.5,38,4289,4555.5,4542.71,4763,-2592.71,13.975,32,52,70,140.025,-2605.5,4555.5,185,5,"no",52,32,70,672.717565403097,12.9368762577519,21.0224239188468,9.61025093432995,"pre_exp",2022,-2.36819085009204,3.95124371858143,"Isla Iguana pre_exp","JC22-2-1 pre_exp"
"141","Pacific","Gulf of Panama","Isla Iguana","JC22-2-1",195,"JC22-2-1-195","core",69,0.11022,NA,NA,NA,NA,"Isla Iguana","JC22-2-1-192.5",192.5,39,4323.925,4623,4598.299,4782,-2648.299,13.975,33,54,70,121.025,-2673,4623,190,5,"no",54,33,70,626.020685900925,11.592975664832,18.9703238151796,8.94315265572751,"pre_exp",2022,-2.20527691052705,3.98898404656427,"Isla Iguana pre_exp","JC22-2-1 pre_exp"
"142","Pacific","Gulf of Panama","Isla Iguana","JC22-2-1",205,"JC22-2-1-205","core",108,0.1169,NA,NA,NA,NA,"Isla Iguana","JC22-2-1-202.5",202.5,41,4448.925,4763,4725.943,4823,-2775.943,16,39,65,79,172.025,-2813,4763,200,5,"no",65,39,79,923.866552609068,14.213331578601,23.6888859643351,11.6945133241654,"pre_exp",2022,-2.14643641050411,4.17438726989564,"Isla Iguana pre_exp","JC22-2-1 pre_exp"
"143","Pacific","Gulf of Panama","Isla Iguana","JC22-2-1",212,"JC22-2-1-212","core",119,0.15491,NA,NA,NA,NA,"Isla Iguana","JC22-2-1-208.5",208.5,42,4660.85,4842,4857.772,5173.025,-2907.772,24,60,84,157.25,476,-2892,4842,205,7,"yes",84,60,157.25,768.187980117488,9.14509500139866,12.8031330019581,4.8851381883465,"pre_exp",2022,-1.86491097586387,4.43081679884331,"Isla Iguana pre_exp","JC22-2-1 pre_exp"
"144","Pacific","Gulf of Panama","Isla Iguana","JC22-2-2",15,"JC22-2-2-15","core",0,0.01795,NA,NA,NA,NA,"Isla Iguana","JC22-2-2-12.5",12.5,3,-69,-64,-63.836,-57,2013.836,1,3,3,4,6,2014,-64,10,5,"no",8,3,4,0,0,0,0,"modern",2022,-4.02016516404785,2.07944154167984,"Isla Iguana modern","JC22-2-2 modern"
"145","Pacific","Gulf of Panama","Isla Iguana","JC22-2-2",40,"JC22-2-2-40","core",4,0.06177,NA,NA,NA,NA,"Isla Iguana","JC22-2-2-37.5",37.5,8,-48,-34,-30.818,6,1980.818,2,6,9,10,23,1984,-34,35,5,"no",9,6,10,64.7563542172576,7.19515046858417,10.7927257028763,6.47563542172576,"modern",2022,-2.78433746927433,2.19722457733622,"Isla Iguana modern","JC22-2-2 modern"
"146","Pacific","Gulf of Panama","Isla Iguana","JC22-2-2",45,"JC22-2-2-45","core",1,0.06044,NA,NA,NA,NA,"Isla Iguana","JC22-2-2-42.5",42.5,9,-45,-25,-22.722,12,1972.722,2,5,8,10,19,1975,-25,40,5,"no",8,5,10,16.5453342157512,2.06816677696889,3.30906684315023,1.65453342157512,"modern",2022,-2.8061041415776,2.07944154167984,"Isla Iguana modern","JC22-2-2 modern"
"147","Pacific","Gulf of Panama","Isla Iguana","JC22-2-2",55,"JC22-2-2-55","core",8,0.07555,NA,NA,NA,NA,"Isla Iguana","JC22-2-2-52.5",52.5,11,-39,-7,-7.672,20,1957.672,2,5,8,9,16,1957,-7,50,5,"no",8,5,9,105.890138980807,13.2362673726009,21.1780277961615,11.7655709978675,"modern",2022,-2.58296059026339,2.07944154167984,"Isla Iguana modern","JC22-2-2 modern"
"148","Pacific","Gulf of Panama","Isla Iguana","JC22-2-2",60,"JC22-2-2-60","core",11,0.09404,NA,NA,NA,NA,"Isla Iguana","JC22-2-2-57.5",57.5,12,-34,2,0.003,23,1949.997,2,5,8,9,18,1948,2,55,5,"no",8,5,9,116.971501488728,14.621437686091,23.3943002977456,12.9968334987476,"modern",2022,-2.36403505531027,2.07944154167984,"Isla Iguana modern","JC22-2-2 modern"
"149","Pacific","Gulf of Panama","Isla Iguana","JC22-2-2",70,"JC22-2-2-70","core",22,0.08044,NA,NA,NA,NA,"Isla Iguana","JC22-2-2-67.5",67.5,14,-21,21,17.25,28,1932.75,2,6,9,10,25,1929,21,65,5,"no",9,6,10,273.495773247141,30.3884192496823,45.5826288745235,27.3495773247141,"modern",2022,-2.52024371407769,2.19722457733622,"Isla Iguana modern","JC22-2-2 modern"
"150","Pacific","Gulf of Panama","Isla Iguana","JC22-2-2",75,"JC22-2-2-75","core",14,0.0679,NA,NA,NA,NA,"Isla Iguana","JC22-2-2-72.5",72.5,15,14,30,28.724,35,1921.276,3,7,9,12,40.05,1920,30,70,5,"no",9,7,12,206.185567010309,22.9095074455899,29.4550810014728,17.1821305841924,"modern",2022,-2.68971924441749,2.19722457733622,"Isla Iguana modern","JC22-2-2 modern"
"151","Pacific","Gulf of Panama","Isla Iguana","JC22-2-2",142,"JC22-2-2-142","core",182,0.24639,NA,NA,NA,NA,"Isla Iguana","JC22-2-2-138.5",138.5,28,3149.775,4533,4275.14,4954.2,-2325.14,749.875,1680.5,1953,2277.25,3013.45,-2583,4533,135,7,"yes",1953,1680.5,2277.25,738.666341978165,0.378221373260709,0.439551527508578,0.32436769874988,"pre_exp",2022,-1.40083963256193,7.57712193087668,"Isla Iguana pre_exp","JC22-2-2 pre_exp"
"152","Pacific","Gulf of Panama","Isla Iguana","JC22-2-3",15,"JC22-2-3-15","core",0,0.02834,NA,NA,NA,NA,"Isla Iguana","JC22-2-3-12.5",12.5,3,-58,-40,-39.926,-22,1989.926,5,14,15,17,20,1990,-40,10,5,"no",32,14,17,0,0,0,0,"modern",2022,-3.5634810447196,3.46573590279973,"Isla Iguana modern","JC22-2-3 modern"
"153","Pacific","Gulf of Panama","Isla Iguana","JC22-2-3",25,"JC22-2-3-25","core",0,0.04981,NA,NA,NA,NA,"Isla Iguana","JC22-2-3-22.5",22.5,5,-20,-8,-3.742,51.025,1953.742,7,14,16,20,73,1958,-8,20,5,"no",16,14,20,0,0,0,0,"modern",2022,-2.99953951189695,2.77258872223978,"Isla Iguana modern","JC22-2-3 modern"
"154","Pacific","Gulf of Panama","Isla Iguana","JC22-2-3",30,"JC22-2-3-30","core",4,0.09445,NA,NA,NA,NA,"Isla Iguana","JC22-2-3-27.5",27.5,6,-3,16,31.465,182.075,1918.535,6.975,19,23,33.25,166.025,1934,16,25,5,"no",23,19,33.25,42.350449973531,1.84132391189265,2.22897105123847,1.27369774356484,"modern",2022,-2.35968468503462,3.13549421592915,"Isla Iguana modern","JC22-2-3 modern"
"155","Pacific","Gulf of Panama","Isla Iguana","JC22-2-3",130,"JC22-2-3-130","core",115,0.20892,NA,NA,NA,NA,"Isla Iguana","JC22-2-3-127.5",127.5,26,3877.575,4542,4406.455,4589.025,-2456.455,404.925,849.75,969,1081.5,1712.025,-2592,4542,125,5,"no",969,849.75,1081.5,550.449932988704,0.568059786366051,0.647778679598357,0.508968962541566,"pre_exp",2022,-1.56580387541404,6.87626461189077,"Isla Iguana pre_exp","JC22-2-3 pre_exp"
"156","Pacific","Gulf of Panama","Isla Iguana","JC22-2-3",135,"JC22-2-3-135","core",120,0.18056,NA,NA,NA,NA,"Isla Iguana","JC22-2-3-132.5",132.5,27,4567.975,4601.5,4602.196,4660.05,-2652.196,22.95,44.75,73.5,310,670.625,-2651.5,4601.5,130,5,"no",73.5,44.75,310,664.599025254763,9.04216360890834,14.8513748660282,2.14386782340246,"pre_exp",2022,-1.71169214647286,4.29728540621879,"Isla Iguana pre_exp","JC22-2-3 pre_exp"
"157","Pacific","Gulf of Panama","Isla Iguana","JC22-2-3",147,"JC22-2-3-147","core",109,0.1692,NA,NA,NA,NA,"Isla Iguana","JC22-2-3-143.5",143.5,29,4657.975,4708,4734.62,5037.3,-2784.62,23,49,57,73.25,358.225,-2758,4708,140,7,"yes",57,49,73.25,644.208037825059,11.3018954004396,13.1471028127563,8.79464898054688,"pre_exp",2022,-1.77667383181001,4.04305126783455,"Isla Iguana pre_exp","JC22-2-3 pre_exp"
