region,date_locality,unique,sample,depth,interval_no,min,median,predicted_age_BP,max,predicted_age_AD_BC,perc_2.5,perc_25,perc_50,perc_75,perc_97.5,predicted_age_median,predicted_age_BP_median
Gulf of Panama,Contadora,BF18-1-11-2.5,BF18-1-11,2.5,1,-68,-68,-67.287,-65,2017.287,NA,NA,NA,NA,NA,2018,-68
Gulf of Panama,Contadora,BF18-1-11-7.5,BF18-1-11,7.5,2,-67,-65,-63.864,-46.975,2013.864,1,1,2,3,18.025,2015,-65
Gulf of Panama,Contadora,BF18-1-11-12.5,BF18-1-11,12.5,3,-66,-62,-48.791,51.025,1998.791,1,2,3,16,94.075,2012,-62
Gulf of Panama,Contadora,BF18-1-11-17.5,BF18-1-11,17.5,4,-54,-11,0.645,106,1949.355,9,24,41,67,141.15,1961,-11
Gulf of Panama,Contadora,BF18-1-11-22.5,BF18-1-11,22.5,5,-40,37,41.672,135,1908.328,7.975,22,36,53,106,1913,37
Gulf of Panama,Contadora,BF18-1-11-27.5,BF18-1-11,27.5,6,-19.025,84,80.069,156,1869.931,8,20,32,50.25,102.025,1866,84
Gulf of Panama,Contadora,BF18-1-11-32.5,BF18-1-11,32.5,7,15,130,119.184,170,1830.816,8,21,34,51,103.025,1820,130
Gulf of Panama,Contadora,BF18-1-11-37.5,BF18-1-11,37.5,8,105.95,177,169.881,186,1780.119,8,24,41,69,148,1773,177
Gulf of Panama,Contadora,BF18-1-11-42.5,BF18-1-11,42.5,9,178,183,184.156,195,1765.844,1,3,7,16,81.025,1767,183
Gulf of Panama,Contadora,BF18-1-11-47.5,BF18-1-11,47.5,10,180,187,187.708,199,1762.292,1,2,3,4,10,1763,187
Gulf of Panama,Contadora,BF18-1-11-52.5,BF18-1-11,52.5,11,182,191,190.967,201,1759.033,0.975,2,3,4,10,1759,191
Gulf of Panama,Contadora,BF18-1-11-57.5,BF18-1-11,57.5,12,184,195,194.193,203,1755.807,1,2,3,4,10,1755,195
Gulf of Panama,Contadora,BF18-1-11-63,BF18-1-11,63,13,188,199,197.961,205,1752.039,1,2,3,5,10,1751,199
Gulf of Panama,Contadora,BF18-1-11-68.5,BF18-1-11,68.5,14,196,204,203.515,208,1746.485,1,3,4,8,14.025,1746,204
Gulf of Panama,Contadora,BF18-1-11-73.5,BF18-1-11,73.5,15,206,210,209.991,218,1740.009,1,4,6,8,16,1740,210
Gulf of Panama,Contadora,BF18-1-11-78.5,BF18-1-11,78.5,16,211,216,216.564,225,1733.436,2,4,6,8,15,1734,216
Gulf of Panama,Contadora,BF18-1-11-83.5,BF18-1-11,83.5,17,214,222,221.83,228,1728.17,1,3,5,6,11,1728,222
Gulf of Panama,Contadora,BF18-1-11-88.5,BF18-1-11,88.5,18,220,231,279.553,608.225,1670.447,2,5,11,60.25,384.2,1719,231
Gulf of Panama,Contadora,BF18-1-11-93.5,BF18-1-11,93.5,19,272.975,470,520.926,1025.025,1429.074,41.975,118,198.5,317.25,682.1,1480,470
Gulf of Panama,Contadora,BF18-1-11-98.5,BF18-1-11,98.5,20,326,693,715.608,1196.025,1234.392,38,106.75,174,253,506,1257,693
Gulf of Panama,Contadora,BF18-1-11-103.5,BF18-1-11,103.5,21,431.95,922,905.133,1281.025,1044.867,36,98.75,164,243,510.375,1028,922
Gulf of Panama,Contadora,BF18-1-11-108.5,BF18-1-11,108.5,22,611,1153.5,1101.34,1337,848.66,41,107,174.5,250,499,796.5,1153.5
Gulf of Panama,Contadora,BF18-1-11-113.5,BF18-1-11,113.5,23,1006.75,1379,1380.26,1741.15,569.74,47.975,145,234,367.25,767.1,571,1379
Gulf of Panama,Contadora,BF18-1-11-118.5,BF18-1-11,118.5,24,1434,1640,1674.248,2118.15,275.752,61.925,167,247.5,371,776.075,310,1640
Gulf of Panama,Contadora,BF18-1-11-123.5,BF18-1-11,123.5,25,1499,1881,1874.391,2230.025,75.609,42,114,185,260,486.05,69,1881
Gulf of Panama,Contadora,BF18-1-11-128.5,BF18-1-11,128.5,26,1625.95,2116,2072.777,2313,-122.777,44.975,117,186,254,480.1,-166,2116
Gulf of Panama,Contadora,BF18-1-11-133.5,BF18-1-11,133.5,27,2017.925,2361,2353.959,2660.075,-403.959,55.975,159.75,234.5,363.5,713.025,-411,2361
Gulf of Panama,Contadora,BF18-1-11-138.5,BF18-1-11,138.5,28,2388,2539,2590.133,3092,-640.133,33.975,103,175,308,751.05,-589,2539
Gulf of Panama,Contadora,BF18-1-11-143.5,BF18-1-11,143.5,29,2422,2696.5,2735.915,3287.25,-785.915,23,64,113.5,187.25,469.075,-746.5,2696.5
Gulf of Panama,Contadora,BF18-1-11-148.5,BF18-1-11,148.5,30,2461.975,2843,2868.902,3426.075,-918.902,21.975,59,102,169,440.15,-893,2843
Gulf of Panama,Contadora,BF18-1-11-153.5,BF18-1-11,153.5,31,2513.925,2990.5,2998.027,3531.175,-1048.027,22,55,98,172.25,426.05,-1040.5,2990.5
Gulf of Panama,Contadora,BF18-1-11-158.5,BF18-1-11,158.5,32,2562,3137.5,3134.169,3626.1,-1184.169,22,57,100,173,440.225,-1187.5,3137.5
Gulf of Panama,Contadora,BF18-1-11-163.5,BF18-1-11,163.5,33,2660.825,3291,3264.434,3725.1,-1314.434,23,57,98,166,437.125,-1341,3291
Gulf of Panama,Contadora,BF18-1-11-168.5,BF18-1-11,168.5,34,2786,3429,3399.87,3795,-1449.87,23.975,60,101,165,486.075,-1479,3429
Gulf of Panama,Contadora,BF18-1-11-173.5,BF18-1-11,173.5,35,2979.375,3576.5,3535.922,3843.05,-1585.922,24,63,103,169,457.2,-1626.5,3576.5
Gulf of Panama,Contadora,BF18-1-11-178.5,BF18-1-11,178.5,36,3148.95,3731,3682.972,3888,-1732.972,24.975,69,114,180,470.05,-1781,3731
Gulf of Panama,Contadora,BF18-1-11-183.5,BF18-1-11,183.5,37,3614.75,3909,3886.644,4066.1,-1936.644,32,91,162,279.25,626.05,-1959,3909
Gulf of Panama,Contadora,BF18-1-11-188.5,BF18-1-11,188.5,38,3922,3989,4015.782,4238.025,-2065.782,16,50.75,93,164.25,451.275,-2039,3989
Gulf of Panama,Contadora,BF18-1-11-193.5,BF18-1-11,193.5,39,3940.975,4070.5,4087.894,4344.025,-2137.894,12,34,57,97,211.05,-2120.5,4070.5
Gulf of Panama,Contadora,BF18-1-11-198.5,BF18-1-11,198.5,40,3961,4141,4154.773,4435.1,-2204.773,11,29,51,85.25,205.025,-2191,4141
Gulf of Panama,Contadora,BF18-1-11-203.5,BF18-1-11,203.5,41,3985,4207.5,4216.941,4507.075,-2266.941,10,28,45,78.25,208.075,-2257.5,4207.5
Gulf of Panama,Contadora,BF18-1-11-208.5,BF18-1-11,208.5,42,4008,4277,4280.205,4583.075,-2330.205,9,27,43,76,232.05,-2327,4277
Gulf of Panama,Contadora,BF18-1-11-213.5,BF18-1-11,213.5,43,4043.975,4349.5,4345.008,4650.025,-2395.008,9,26,46,82,234.025,-2399.5,4349.5
Gulf of Panama,Contadora,BF18-1-11-218.5,BF18-1-11,218.5,44,4079.975,4415.5,4410.73,4718.025,-2460.73,9,27,45.5,78,228.175,-2465.5,4415.5
Gulf of Panama,Contadora,BF18-1-11-223.5,BF18-1-11,223.5,45,4125.925,4486,4473.954,4758.1,-2523.954,10,27,44,80,217.025,-2536,4486
Gulf of Panama,Contadora,BF18-1-11-228.5,BF18-1-11,228.5,46,4198.975,4549,4537.308,4793.025,-2587.308,9.975,28,44,76,237.05,-2599,4549
Gulf of Panama,Contadora,BF18-1-11-233.5,BF18-1-11,233.5,47,4267.925,4626,4604.756,4819.025,-2654.756,9,28,47,84,240.05,-2676,4626
Gulf of Panama,Contadora,BF18-1-11-238.5,BF18-1-11,238.5,48,4343.875,4693,4671.281,4838,-2721.281,9,28,48.5,86,229.05,-2743,4693
Gulf of Panama,Contadora,BF18-1-11-243.5,BF18-1-11,243.5,49,4470.95,4775,4743.839,4853,-2793.839,10,32,55,95,220.025,-2825,4775
Gulf of Panama,Contadora,BF18-1-11-248.5,BF18-1-11,248.5,50,4696.95,4862,4875.314,5122.125,-2925.314,17,52,97,165.25,438.175,-2912,4862
Gulf of Panama,Contadora,BF18-1-11-253.5,BF18-1-11,253.5,51,4877,4999.5,5049.64,5484,-3099.64,28.975,82,137,230.5,536,-3049.5,4999.5
Gulf of Panama,Contadora,BF18-1-11-258.5,BF18-1-11,258.5,52,4912,5145,5181.331,5697.1,-3231.331,21,58,106,170.25,404.05,-3195,5145
Gulf of Panama,Contadora,BF18-1-11-263.5,BF18-1-11,263.5,53,4944,5265,5297.88,5844.05,-3347.88,19,51.75,86,150,391.075,-3315,5265
Gulf of Panama,Contadora,BF18-1-11-268.5,BF18-1-11,268.5,54,4990.95,5393,5411.238,5957.025,-3461.238,18.975,48,78,140.25,402.025,-3443,5393
Gulf of Panama,Contadora,BF18-1-11-273.5,BF18-1-11,273.5,55,5050,5514,5517.43,6084.05,-3567.43,17,45,77,137,360.025,-3564,5514
Gulf of Panama,Contadora,BF18-1-11-278.5,BF18-1-11,278.5,56,5116.95,5622.5,5627.017,6180.025,-3677.017,16,45,77,141,343.075,-3672.5,5622.5
Gulf of Panama,Contadora,BF18-1-11-283.5,BF18-1-11,283.5,57,5174.975,5746,5734.449,6273.025,-3784.449,16,45,77,135,389.1,-3796,5746
Gulf of Panama,Contadora,BF18-1-11-288.5,BF18-1-11,288.5,58,5330,5861,5848.093,6338.025,-3898.093,17,46,80,145,392.025,-3911,5861
Gulf of Panama,Contadora,BF18-1-11-293.5,BF18-1-11,293.5,59,5429.975,5983.5,5962.49,6397,-4012.49,17,47,81,149.25,378.175,-4033.5,5983.5
Gulf of Panama,Contadora,BF18-1-11-298.5,BF18-1-11,298.5,60,5549.925,6098.5,6074.814,6431.05,-4124.814,18,47,79.5,145.25,390.175,-4148.5,6098.5
Gulf of Panama,Contadora,BF18-1-11-303.5,BF18-1-11,303.5,61,5707.85,6220,6187.695,6461.05,-4237.695,18,47,81,144.25,368.225,-4270,6220
Gulf of Panama,Contadora,BF18-1-11-308.5,BF18-1-11,308.5,62,5903.575,6359,6313.696,6490.025,-4363.696,19,55,94.5,162,411.05,-4409,6359
Gulf of Panama,Contadora,BF18-1-11-313.5,BF18-1-11,313.5,63,6238.6,6504,6486.586,6633.075,-4536.586,24.975,71,133,233,528.025,-4554,6504
Gulf of Panama,Contadora,BF18-1-11-318.5,BF18-1-11,318.5,64,6505.975,6555,6588.13,6861.05,-4638.13,5,29,61,134.25,411.075,-4605,6555
Gulf of Panama,Contadora,BF18-1-11-323.5,BF18-1-11,323.5,65,6513,6599,6643.322,7014.35,-4693.322,3,15,33,68,230.1,-4649,6599
Gulf of Panama,Contadora,BF18-1-11-328.5,BF18-1-11,328.5,66,6518,6646,6693.495,7175.025,-4743.495,3,14,30,64,213,-4696,6646
Gulf of Panama,Contadora,BF18-1-11-333.5,BF18-1-11,333.5,67,6523,6688.5,6742.708,7276.175,-4792.708,3,14,28,63,215.125,-4738.5,6688.5
Gulf of Panama,Contadora,BF18-1-11-338.5,BF18-1-11,338.5,68,6529.925,6734.5,6790.069,7378.075,-4840.069,3,13,28,61,219.025,-4784.5,6734.5
Gulf of Panama,Contadora,BF18-1-11-343.5,BF18-1-11,343.5,69,6532.975,6780.5,6840.303,7482.375,-4890.303,3,13.75,29,60,235.025,-4830.5,6780.5
Gulf of Panama,Contadora,BF18-1-11-348.5,BF18-1-11,348.5,70,6538.975,6823,6892.619,7599.15,-4942.619,3,14,30,65,222.075,-4873,6823
Gulf of Panama,Contadora,BF18-1-11-353.5,BF18-1-11,353.5,71,6544,6880.5,6947.316,7696.075,-4997.316,3,15.75,34,69,224,-4930.5,6880.5
Gulf of Panama,Contadora,BF18-1-11-358.5,BF18-1-11,358.5,72,6562,6980,7040.693,7887.125,-5090.693,6,27,59,126,354.075,-5030,6980
Gulf of Panama,Contadora,BF18-1-11-363.5,BF18-1-11,363.5,73,6620.95,7090,7158.569,8082.05,-5208.569,15,45,83,158,409.075,-5140,7090
Gulf of Panama,Contadora,BF18-1-12-2.5,BF18-1-12,2.5,1,-68,-68,-66.645,-61,2016.645,NA,NA,NA,NA,NA,2018,-68
Gulf of Panama,Contadora,BF18-1-12-8,BF18-1-12,8,2,-65,-60,-59.334,-54,2009.334,2,6,7,8,12.025,2010,-60
Gulf of Panama,Contadora,BF18-1-12-13,BF18-1-12,13,3,-58,-53,-49.038,-4.925,1999.038,3,6,7,10,46.025,2003,-53
Gulf of Panama,Contadora,BF18-1-12-17.5,BF18-1-12,17.5,4,-51,-39,-26.901,67.025,1976.901,3.975,8,12,25,93,1989,-39
Gulf of Panama,Contadora,BF18-1-12-22.5,BF18-1-12,22.5,5,-47,-24,-9.725,94.075,1959.725,3,8,13,21,58.025,1974,-24
Gulf of Panama,Contadora,BF18-1-12-27.5,BF18-1-12,27.5,6,-43.025,-10,4.648,113.05,1945.352,3,7,12,17,46.025,1960,-10
Gulf of Panama,Contadora,BF18-1-12-32.5,BF18-1-12,32.5,7,-39.025,3,17.474,129.025,1932.526,2,7,11,14,39.025,1947,3
Gulf of Panama,Contadora,BF18-1-12-37.5,BF18-1-12,37.5,8,-35,16,29.756,142,1920.244,2,6.75,10,14,38,1934,16
Gulf of Panama,Contadora,BF18-1-12-42.5,BF18-1-12,42.5,9,-30.025,30,41.911,152.025,1908.089,2,6,10,14,40.025,1920,30
Gulf of Panama,Contadora,BF18-1-12-47.5,BF18-1-12,47.5,10,-24.025,44,53.497,161,1896.503,2,6,9,14,39,1906,44
Gulf of Panama,Contadora,BF18-1-12-52.5,BF18-1-12,52.5,11,-21,57,64.767,168.025,1885.233,2,6,9,14,41.1,1893,57
Gulf of Panama,Contadora,BF18-1-12-57.5,BF18-1-12,57.5,12,-15.05,70,75.548,177.025,1874.452,2,5,9,13,36.025,1880,70
Gulf of Panama,Contadora,BF18-1-12-62.5,BF18-1-12,62.5,13,-7.075,84,86.209,182,1863.791,2,5,8,14,33.025,1866,84
Gulf of Panama,Contadora,BF18-1-12-67.5,BF18-1-12,67.5,14,-1,97,97.339,187.025,1852.661,2,5,9,14,39,1853,97
Gulf of Panama,Contadora,BF18-1-12-72.5,BF18-1-12,72.5,15,7.975,110,108.302,193,1841.698,2,5,9,14,36.025,1840,110
Gulf of Panama,Contadora,BF18-1-12-77.5,BF18-1-12,77.5,16,18.975,123,119.311,196,1830.689,2,5,9,14,36,1827,123
Gulf of Panama,Contadora,BF18-1-12-82.5,BF18-1-12,82.5,17,27.975,137,130.919,199.025,1819.081,2,6,9,14,39.025,1813,137
Gulf of Panama,Contadora,BF18-1-12-87.5,BF18-1-12,87.5,18,41.95,150,142.759,204,1807.241,2,6,10,14,37,1800,150
Gulf of Panama,Contadora,BF18-1-12-92.5,BF18-1-12,92.5,19,53.975,164,154.427,207.025,1795.573,2,6,10,14,35,1786,164
Gulf of Panama,Contadora,BF18-1-12-97.5,BF18-1-12,97.5,20,65.975,177,166.755,211,1783.245,2,6,11,15,39,1773,177
Gulf of Panama,Contadora,BF18-1-12-102.5,BF18-1-12,102.5,21,83,191,180.184,214.025,1769.816,2,7,11,16,41.025,1759,191
Gulf of Panama,Contadora,BF18-1-12-107.5,BF18-1-12,107.5,22,122.975,205,196.054,218,1753.946,3,7,13,19,50.025,1745,205
Gulf of Panama,Contadora,BF18-1-12-112.5,BF18-1-12,112.5,23,180,220,287.635,819.275,1662.365,3.975,13,37,106.25,603.325,1730,220
Gulf of Panama,Contadora,BF18-1-12-117.5,BF18-1-12,117.5,24,329.975,604,670.771,1455.05,1279.229,107.9,263.5,350.5,423,1008.15,1346,604
Gulf of Panama,Contadora,BF18-1-12-122.5,BF18-1-12,122.5,25,465.8,1016.5,1030.378,1765.1,919.622,99.95,267,376.5,437.25,669.1,933.5,1016.5
Gulf of Panama,Contadora,BF18-1-12-127.5,BF18-1-12,127.5,26,604,1422,1374.584,1979.05,575.416,95.975,253.75,367.5,424,554.1,528,1422
Gulf of Panama,Contadora,BF18-1-12-132.5,BF18-1-12,132.5,27,804.975,1812,1737.555,2187,212.445,97.95,268,379,439.25,710.05,138,1812
Gulf of Panama,Contadora,BF18-1-12-137,BF18-1-12,137,28,1438.775,2199.5,2132.088,2413.075,-182.088,106.925,281,345,409,1144.225,-249.5,2199.5
Gulf of Panama,Contadora,BF18-1-12-141.5,BF18-1-12,141.5,29,2191.95,2378.5,2415.965,2889.175,-465.965,5,106,214,384.25,964.425,-428.5,2378.5
Gulf of Panama,Contadora,BF18-1-12-146.5,BF18-1-12,146.5,30,2403.975,2545.5,2627.064,3254.25,-677.064,36.975,110,152,243,682.275,-595.5,2545.5
Gulf of Panama,Contadora,BF18-1-12-151.5,BF18-1-12,151.5,31,2447,2700,2774.413,3406.05,-824.413,30.975,86,145,166.25,388.025,-750,2700
Gulf of Panama,Contadora,BF18-1-12-156.5,BF18-1-12,156.5,32,2488.9,2853,2910.49,3526.125,-960.49,28,79.75,130,158,351,-903,2853
Gulf of Panama,Contadora,BF18-1-12-161.5,BF18-1-12,161.5,33,2528.975,3001,3037.275,3624.025,-1087.275,26.975,75.75,121,155,358.15,-1051,3001
Gulf of Panama,Contadora,BF18-1-12-166.5,BF18-1-12,166.5,34,2590.9,3152,3158.367,3685.025,-1208.367,26,71,115,153,331.1,-1202,3152
Gulf of Panama,Contadora,BF18-1-12-171.5,BF18-1-12,171.5,35,2652.95,3299,3279.591,3749,-1329.591,26,71,112,152,322.225,-1349,3299
Gulf of Panama,Contadora,BF18-1-12-176.5,BF18-1-12,176.5,36,2774.975,3446.5,3401.736,3789.15,-1451.736,27,74,118,153,287.175,-1496.5,3446.5
Gulf of Panama,Contadora,BF18-1-12-181.5,BF18-1-12,181.5,37,2904.875,3595.5,3532.509,3833.025,-1582.509,28,77,128,156,344.1,-1645.5,3595.5
Gulf of Panama,Contadora,BF18-1-12-186.5,BF18-1-12,186.5,38,3119.95,3746,3683.572,3879,-1733.572,32,89,144.5,167,414,-1796,3746
Gulf of Panama,Contadora,BF18-1-12-191.5,BF18-1-12,191.5,39,3591.5,3906,3872.858,3929,-1922.858,34,92.75,145,214,629.575,-1956,3906
Gulf of Panama,Contadora,BF18-1-12-196.5,BF18-1-12,196.5,40,3907,3921,3922.554,3947,-1972.554,3,7,18,52,321.325,-1971,3921
Gulf of Panama,Contadora,BF18-1-12-201.5,BF18-1-12,201.5,41,3912,3929,3929.757,3954,-1979.757,2,5,7,8,18.025,-1979,3929
Gulf of Panama,Contadora,BF18-1-12-206.5,BF18-1-12,206.5,42,3916,3935,3936.092,3959,-1986.092,2,4,6,8,14,-1985,3935
Gulf of Panama,Contadora,BF18-1-12-211.5,BF18-1-12,211.5,43,3919,3943,3942.348,3962,-1992.348,2,4,6,8,15,-1993,3943
Gulf of Panama,Contadora,BF18-1-12-216.5,BF18-1-12,216.5,44,3923,3949,3948.529,3966,-1998.529,2,4,6,7,14,-1999,3949
Gulf of Panama,Contadora,BF18-1-12-221.5,BF18-1-12,221.5,45,3928,3956,3955.012,3970,-2005.012,1,4,6,8,16,-2006,3956
Gulf of Panama,Contadora,BF18-1-12-226.5,BF18-1-12,226.5,46,3937,3962,3962.047,3975,-2012.047,2,5,7,8,17,-2012,3962
Gulf of Panama,Contadora,BF18-1-12-231.5,BF18-1-12,231.5,47,3955,3974,3993.189,4224.45,-2043.189,2,7,10,22.25,230.1,-2024,3974
Gulf of Panama,Contadora,BF18-1-12-236.5,BF18-1-12,236.5,48,3974,4039,4112.395,4635.175,-2162.395,5,26,61.5,148,562,-2089,4039
Gulf of Panama,Contadora,BF18-1-13-2.5,BF18-1-13,2.5,1,-68,-67,-64.328,-56,2014.328,NA,NA,NA,NA,NA,2017,-67
Gulf of Panama,Contadora,BF18-1-13-7.5,BF18-1-13,7.5,2,-51,-39,-39.323,-28,1989.323,16,22,25,28,34,1989,-39
Gulf of Panama,Contadora,BF18-1-13-12.5,BF18-1-13,12.5,3,-24,-12,-10.985,5,1960.985,19,24,27,30,43.025,1962,-12
Gulf of Panama,Contadora,BF18-1-13-17.5,BF18-1-13,17.5,4,-3.025,9,14.403,103,1935.597,10,20,21,22,86.075,1941,9
Gulf of Panama,Contadora,BF18-1-13-22.5,BF18-1-13,22.5,5,5.975,30,36.911,165.025,1913.089,8,20,21,21,58.025,1920,30
Gulf of Panama,Contadora,BF18-1-13-27.5,BF18-1-13,27.5,6,15,51,57.825,185.1,1892.175,7.975,20,21,21.25,40.025,1899,51
Gulf of Panama,Contadora,BF18-1-13-32.5,BF18-1-13,32.5,7,24,72,78.092,209.025,1871.908,7,20,21,21,32.025,1878,72
Gulf of Panama,Contadora,BF18-1-13-37.5,BF18-1-13,37.5,8,33,93,97.916,229.075,1852.084,7,20,21,21,30,1857,93
Gulf of Panama,Contadora,BF18-1-13-42.5,BF18-1-13,42.5,9,43.975,114,117.475,244.125,1832.525,7,20,21,21,27,1836,114
Gulf of Panama,Contadora,BF18-1-13-47.5,BF18-1-13,47.5,10,52.975,135,137.164,257.05,1812.836,7,20,21,21,26,1815,135
Gulf of Panama,Contadora,BF18-1-13-52.5,BF18-1-13,52.5,11,62,156,156.604,267.025,1793.396,6.975,20,21,21,25,1794,156
Gulf of Panama,Contadora,BF18-1-13-57.5,BF18-1-13,57.5,12,70.975,177,176.115,277,1773.885,7,20,21,21,24,1773,177
Gulf of Panama,Contadora,BF18-1-13-62.5,BF18-1-13,62.5,13,80,198,195.66,287.075,1754.34,7,20,21,21,25,1752,198
Gulf of Panama,Contadora,BF18-1-13-67.5,BF18-1-13,67.5,14,91.95,219,215.184,298.025,1734.816,6,20,21,21,25,1731,219
Gulf of Panama,Contadora,BF18-1-13-72.5,BF18-1-13,72.5,15,102.95,240,234.694,307,1715.306,6,20,21,21,26,1710,240
Gulf of Panama,Contadora,BF18-1-13-77.5,BF18-1-13,77.5,16,113.975,261,254.358,314,1695.642,7,20,21,21,28,1689,261
Gulf of Panama,Contadora,BF18-1-13-82.5,BF18-1-13,82.5,17,137.925,282,274.658,321.025,1675.342,6,20,21,21,31.025,1668,282
Gulf of Panama,Contadora,BF18-1-13-87.5,BF18-1-13,87.5,18,168.95,302,295.524,329,1654.476,7,20,21,21,42.025,1648,302
Gulf of Panama,Contadora,BF18-1-13-92.5,BF18-1-13,92.5,19,216.975,323,317.847,337,1632.153,7,20,21,21,54,1627,323
Gulf of Panama,Contadora,BF18-1-13-97.5,BF18-1-13,97.5,20,328.975,345,348.513,372,1601.487,10,21,23,32,115.05,1605,345
Gulf of Panama,Contadora,BF18-1-13-102.5,BF18-1-13,102.5,21,375,403,404.784,466.025,1545.216,32.975,50,55,58,105.125,1547,403
Gulf of Panama,Contadora,BF18-1-13-107.5,BF18-1-13,107.5,22,418.975,461,462.859,543.025,1487.141,33.975,55,58,61,74,1489,461
Gulf of Panama,Contadora,BF18-1-13-112.5,BF18-1-13,112.5,23,459.95,520,519.609,583.025,1430.391,29.95,55,58,61,67,1430,520
Gulf of Panama,Contadora,BF18-1-13-117.5,BF18-1-13,117.5,24,508.95,578,576.322,622.05,1373.678,28,55,58,61,68,1372,578
Gulf of Panama,Contadora,BF18-1-13-122.5,BF18-1-13,122.5,25,596.95,637,634.121,665,1315.879,30.975,55,58,61,69,1313,637
Gulf of Panama,Contadora,BF18-1-13-127.5,BF18-1-13,127.5,26,668,725.5,863.642,1384.2,1086.358,47,56,97,392.5,731.125,1224.5,725.5
Gulf of Panama,Contadora,BF18-1-13-132.5,BF18-1-13,132.5,27,1728,2392,2280.914,2560.05,-330.914,957.925,1193,1396,1702.5,1849.025,-442,2392
Gulf of Panama,Contadora,BF18-1-13-137.5,BF18-1-13,137.5,28,2463,2599.5,2623.137,2896.075,-673.137,37,148,285.5,500.5,852.025,-649.5,2599.5
Gulf of Panama,Contadora,BF18-1-13-142.5,BF18-1-13,142.5,29,2493.975,2768,2806.173,3323.05,-856.173,27,94,164,254.25,442.075,-818,2768
Gulf of Panama,Contadora,BF18-1-13-147.5,BF18-1-13,147.5,30,2538,2962.5,3004.701,3701.25,-1054.701,33.975,127,193.5,255.25,425.05,-1012.5,2962.5
Gulf of Panama,Contadora,BF18-1-13-152.5,BF18-1-13,152.5,31,2864.9,3261.5,3286.486,3836.1,-1336.486,113.95,236,281,327,424.1,-1311.5,3261.5
Gulf of Panama,Contadora,BF18-1-13-157.5,BF18-1-13,157.5,32,3236,3572.5,3581.888,3958.075,-1631.888,105.975,233,300,357.25,457.125,-1622.5,3572.5
Gulf of Panama,Contadora,BF18-1-13-162.5,BF18-1-13,162.5,33,3622.825,3890,3875.744,4089.025,-1925.744,103.95,232,300,356.25,458.075,-1940,3890
Gulf of Panama,Contadora,BF18-1-13-167.5,BF18-1-13,167.5,34,4017.975,4174,4146.418,4209.025,-2196.418,101.95,208,271,326,430.025,-2224,4174
Gulf of Panama,Contadora,BF18-1-13-172.5,BF18-1-13,172.5,35,4208,4238,4238.259,4271,-2288.259,48,56,65,114,201,-2288,4238
Gulf of Panama,Contadora,BF18-1-13-177.5,BF18-1-13,177.5,36,4268.975,4297,4297.503,4331,-2347.503,35.975,54.75,59,64.25,75,-2347,4297
Gulf of Panama,Contadora,BF18-1-13-182.5,BF18-1-13,182.5,37,4326.975,4357,4356.713,4390,-2406.713,35.975,55,59,65,75,-2407,4357
Gulf of Panama,Contadora,BF18-1-13-187.5,BF18-1-13,187.5,38,4384,4415,4415.59,4451,-2465.59,42,53,56,61,84.075,-2465,4415
Gulf of Panama,Contadora,BF18-1-13-192.5,BF18-1-13,192.5,39,4426,4453,4463.003,4618.675,-2513.003,17,37,39,43.25,157,-2503,4453
Gulf of Panama,Contadora,BF18-1-13-197.5,BF18-1-13,197.5,40,4450.975,4490,4502.29,4705.15,-2552.29,14.975,36,37,38.25,97,-2540,4490
Gulf of Panama,Contadora,BF18-1-13-202.5,BF18-1-13,202.5,41,4467.975,4528,4540.307,4780.05,-2590.307,14.975,36,37,38,77,-2578,4528
Gulf of Panama,Contadora,BF18-1-13-207.5,BF18-1-13,207.5,42,4484,4565,4577.261,4820.325,-2627.261,14,36,37,38,64,-2615,4565
Gulf of Panama,Contadora,BF18-1-13-212.5,BF18-1-13,212.5,43,4500,4603,4613.558,4875.075,-2663.558,13,36,37,38,54.025,-2653,4603
Gulf of Panama,Contadora,BF18-1-13-217.5,BF18-1-13,217.5,44,4515.925,4641,4649.246,4899.075,-2699.246,13,36,37,38,49.025,-2691,4641
Gulf of Panama,Contadora,BF18-1-13-222.5,BF18-1-13,222.5,45,4531.925,4678,4684.218,4916.025,-2734.218,13,36,37,38,45.025,-2728,4678
Gulf of Panama,Contadora,BF18-1-13-227.5,BF18-1-13,227.5,46,4547,4716,4718.794,4953.075,-2768.794,12.975,35,37,38,44,-2766,4716
Gulf of Panama,Contadora,BF18-1-13-232.5,BF18-1-13,232.5,47,4563.95,4753,4753.13,4967.05,-2803.13,12,35,37,38,43.025,-2803,4753
Gulf of Panama,Contadora,BF18-1-13-237.5,BF18-1-13,237.5,48,4584.925,4791,4787.589,4981.05,-2837.589,12,35,37,38,44.025,-2841,4791
Gulf of Panama,Contadora,BF18-1-13-242.5,BF18-1-13,242.5,49,4607.9,4829,4822.336,4995.025,-2872.336,11.975,36,37,38,47.025,-2879,4829
Gulf of Panama,Contadora,BF18-1-13-247.5,BF18-1-13,247.5,50,4635,4866,4857.12,5009.025,-2907.12,12,36,37,38,47,-2916,4866
Gulf of Panama,Contadora,BF18-1-13-252.5,BF18-1-13,252.5,51,4659.825,4904,4892.275,5023.025,-2942.275,12,36,37,38,50.025,-2954,4904
Gulf of Panama,Contadora,BF18-1-13-257.5,BF18-1-13,257.5,52,4680.95,4941,4928.237,5038,-2978.237,12,36,37,38,64.025,-2991,4941
Gulf of Panama,Contadora,BF18-1-13-262.5,BF18-1-13,262.5,53,4735,4979,4965.023,5052.025,-3015.023,12.975,36,37,38,70,-3029,4979
Gulf of Panama,Contadora,BF18-1-13-267.5,BF18-1-13,267.5,54,4791.925,5016,5002.853,5066,-3052.853,12,36,37,38,80.025,-3066,5016
Gulf of Panama,Contadora,BF18-1-13-272.5,BF18-1-13,272.5,55,4876.975,5053,5043.257,5084,-3093.257,13,36,37,39,105.025,-3103,5053
Gulf of Panama,Contadora,BF18-1-13-277.5,BF18-1-13,277.5,56,5050,5089,5091.13,5152.025,-3141.13,14,31,36,38,189.1,-3139,5089
Gulf of Panama,Contadora,BF18-1-13-283,BF18-1-13,283,57,5077.975,5105,5146.488,5575.7,-3196.488,1,8,19,47,372.175,-3155,5105
Gulf of Panama,Saboga,AT19-1-1-2.5,AT19-1-1,2.5,1,-69,-68,-66.128,-51.975,2016.128,NA,NA,NA,NA,NA,2018,-68
Gulf of Panama,Saboga,AT19-1-1-7.5,AT19-1-1,7.5,2,-66,-57,-50.426,16,2000.426,3,7.75,11,13,74.05,2007,-57
Gulf of Panama,Saboga,AT19-1-1-12.5,AT19-1-1,12.5,3,-62,-46,-37.476,44,1987.476,3,8,11,12,39.025,1996,-46
Gulf of Panama,Saboga,AT19-1-1-17.5,AT19-1-1,17.5,4,-58,-35,-26.091,54,1976.091,3,7,11,12,30,1985,-35
Gulf of Panama,Saboga,AT19-1-1-22.5,AT19-1-1,22.5,5,-55,-23,-15.597,62.025,1965.597,3,7,11,12,25,1973,-23
Gulf of Panama,Saboga,AT19-1-1-27.5,AT19-1-1,27.5,6,-51,-12,-5.645,68.05,1955.645,3,7,11,12,22.025,1962,-12
Gulf of Panama,Saboga,AT19-1-1-32.5,AT19-1-1,32.5,7,-47,-1,4.125,76.025,1945.875,2.975,6,11,11,21,1951,-1
Gulf of Panama,Saboga,AT19-1-1-37.5,AT19-1-1,37.5,8,-43.025,11,13.833,85,1936.167,2,6,11,11,21.025,1939,11
Gulf of Panama,Saboga,AT19-1-1-42.5,AT19-1-1,42.5,9,-38.025,22,23.166,89,1926.834,2.975,6,11,11,18,1928,22
Gulf of Panama,Saboga,AT19-1-1-47.5,AT19-1-1,47.5,10,-33,33,32.473,93.025,1917.527,2,6,10,11,17,1917,33
Gulf of Panama,Saboga,AT19-1-1-52.5,AT19-1-1,52.5,11,-29.025,44,41.786,97,1908.214,2,6,10,11,16,1906,44
Gulf of Panama,Saboga,AT19-1-1-57.5,AT19-1-1,57.5,12,-21.025,55,51.258,101,1898.742,2.975,6,10,11,18.025,1895,55
Gulf of Panama,Saboga,AT19-1-1-62.5,AT19-1-1,62.5,13,-16,67,60.904,105,1889.096,2,6,11,11.25,18,1883,67
Gulf of Panama,Saboga,AT19-1-1-67.5,AT19-1-1,67.5,14,-7.025,78,70.972,109,1879.028,3,6,11,12,22,1872,78
Gulf of Panama,Saboga,AT19-1-1-72.5,AT19-1-1,72.5,15,3,89,81.399,112.025,1868.601,3,7,11,12,23,1861,89
Gulf of Panama,Saboga,AT19-1-1-77.5,AT19-1-1,77.5,16,16.975,100,92.624,116,1857.376,3,7,11,12,28,1850,100
Gulf of Panama,Saboga,AT19-1-1-82.5,AT19-1-1,82.5,17,33,112,105.013,120,1844.987,3,8,11,12,37,1838,112
Gulf of Panama,Saboga,AT19-1-1-87.5,AT19-1-1,87.5,18,97,125,159.93,364.225,1790.07,4,11,25,62.25,245.325,1825,125
Gulf of Panama,Saboga,AT19-1-1-92.5,AT19-1-1,92.5,19,167.975,322,376.677,1038.9,1573.323,46.975,130,183,230,709.1,1628,322
Gulf of Panama,Saboga,AT19-1-1-97.5,AT19-1-1,97.5,20,230.925,536,586.788,1366.55,1363.212,57.95,148.75,205,240,538,1414,536
Gulf of Panama,Saboga,AT19-1-1-102.5,AT19-1-1,102.5,21,294.95,752.5,774.808,1582.45,1175.192,54.975,136,196,230,365.175,1197.5,752.5
Gulf of Panama,Saboga,AT19-1-1-107.5,AT19-1-1,107.5,22,356.9,962.5,952.023,1745.7,997.977,49.95,124.75,186,223,273,987.5,962.5
Gulf of Panama,Saboga,AT19-1-1-112.5,AT19-1-1,112.5,23,433.85,1166,1127.572,1848.375,822.428,45,123,186,223,269.025,784,1166
Gulf of Panama,Saboga,AT19-1-1-117.5,AT19-1-1,117.5,24,508.975,1376,1309.245,1957.3,640.755,50.925,131,192,227,326.175,574,1376
Gulf of Panama,Saboga,AT19-1-1-122.5,AT19-1-1,122.5,25,611.975,1589.5,1496.996,2078,453.004,46.975,133.75,196,230,353.425,360.5,1589.5
Gulf of Panama,Saboga,AT19-1-1-127.5,AT19-1-1,127.5,26,696.85,1799,1693.683,2212.15,256.317,48,145,201,234,430.1,151,1799
Gulf of Panama,Saboga,AT19-1-1-132.5,AT19-1-1,132.5,27,857.25,2027.5,1917.574,2375.025,32.426,59.975,151,189,232,726.075,-77.5,2027.5
Gulf of Panama,Saboga,AT19-1-1-137.5,AT19-1-1,137.5,28,1209.725,2152,2049.44,2402.025,-99.44,13,57.75,104,166,471.175,-202,2152
Gulf of Panama,Saboga,AT19-1-1-142.5,AT19-1-1,142.5,29,1513.7,2225.5,2146.675,2412.05,-196.675,9,40,69,129.25,319,-275.5,2225.5
Gulf of Panama,Saboga,AT19-1-1-147.5,AT19-1-1,147.5,30,1805.975,2297.5,2240.939,2426,-290.939,8,40,68,126,315.1,-347.5,2297.5
Gulf of Panama,Saboga,AT19-1-1-152.5,AT19-1-1,152.5,31,2090.8,2372,2337.62,2437,-387.62,9.975,41,69,127,319.075,-422,2372
Gulf of Panama,Saboga,AT19-1-1-157.5,AT19-1-1,157.5,32,2364.975,2445,2437.874,2492,-487.874,12,43,70,126,331.025,-495,2445
Gulf of Panama,Saboga,AT19-1-1-162.5,AT19-1-1,162.5,33,2452,2482,2492.165,2602.2,-542.165,9,27,43,65,168.175,-532,2482
Gulf of Panama,Saboga,AT19-1-1-167.5,AT19-1-1,167.5,34,2461,2520,2531.037,2667.05,-581.037,6,21,34,52,94,-570,2520
Gulf of Panama,Saboga,AT19-1-1-172.5,AT19-1-1,172.5,35,2468,2555,2568.088,2722.025,-618.088,6,20,33,50,86.025,-605,2555
Gulf of Panama,Saboga,AT19-1-1-177.5,AT19-1-1,177.5,36,2476,2587,2604.381,2802.125,-654.381,6,19,32,48.25,88,-637,2587
Gulf of Panama,Saboga,AT19-1-1-182.5,AT19-1-1,182.5,37,2483,2621,2640.24,2882.075,-690.24,6,19,32,48,86.025,-671,2621
Gulf of Panama,Saboga,AT19-1-1-187.5,AT19-1-1,187.5,38,2493,2656,2676.336,2961.05,-726.336,6,20,33,48,85.025,-706,2656
Gulf of Panama,Saboga,AT19-1-1-192.5,AT19-1-1,192.5,39,2508.95,2692.5,2716.772,3045,-766.772,7,21,35.5,53,96.025,-742.5,2692.5
Gulf of Panama,Saboga,AT19-1-1-197.5,AT19-1-1,197.5,40,2529,2743,2769.048,3134.075,-819.048,8,28,41,57,213.025,-793,2743
Gulf of Panama,Saboga,AT19-1-1-202.5,AT19-1-1,202.5,41,2589.975,2815.5,2835.916,3177.075,-885.916,18,42,54,70,221,-865.5,2815.5
Gulf of Panama,Saboga,AT19-1-1-207.5,AT19-1-1,207.5,42,2646.9,2876.5,2892.991,3198.1,-942.991,13,38,55,70,132.025,-926.5,2876.5
Gulf of Panama,Saboga,AT19-1-1-212.5,AT19-1-1,212.5,43,2701,2933,2945.462,3215.1,-995.462,12,35,52,66,107.075,-983,2933
Gulf of Panama,Saboga,AT19-1-1-217.5,AT19-1-1,217.5,44,2749.95,2987,2995.443,3233.05,-1045.443,12,33,49,64,87.025,-1037,2987
Gulf of Panama,Saboga,AT19-1-1-222.5,AT19-1-1,222.5,45,2777.95,3042,3044.126,3252,-1094.126,13,33,49,63,84,-1092,3042
Gulf of Panama,Saboga,AT19-1-1-227.5,AT19-1-1,227.5,46,2816.95,3101,3093.27,3268,-1143.27,13,33,49,64,87,-1151,3101
Gulf of Panama,Saboga,AT19-1-1-232.5,AT19-1-1,232.5,47,2852,3159,3143.826,3283,-1193.826,12,34,51,64,92,-1209,3159
Gulf of Panama,Saboga,AT19-1-1-237.5,AT19-1-1,237.5,48,2931.775,3216,3196.359,3301,-1246.359,13,36,52,66,106.025,-1266,3216
Gulf of Panama,Saboga,AT19-1-1-242.5,AT19-1-1,242.5,49,3027.85,3274.5,3254.65,3318,-1304.65,13,38,54,69,160.1,-1324.5,3274.5
Gulf of Panama,Saboga,AT19-1-1-247.5,AT19-1-1,247.5,50,3260.975,3328,3322.098,3358,-1372.098,15,38,53,70,244.1,-1378,3328
Gulf of Panama,Saboga,AT19-1-1-252.5,AT19-1-1,252.5,51,3334,3349,3354.294,3424.075,-1404.294,7,18,22,34,106.025,-1399,3349
Gulf of Panama,Saboga,AT19-1-1-257.5,AT19-1-1,257.5,52,3343.975,3368,3373.499,3448.025,-1423.499,6,16,19,21,45,-1418,3368
Gulf of Panama,Saboga,AT19-1-1-262.5,AT19-1-1,262.5,53,3351.975,3388,3391.459,3463,-1441.459,5.975,15,19,20,35,-1438,3388
Gulf of Panama,Saboga,AT19-1-1-267.5,AT19-1-1,267.5,54,3358.975,3407,3408.503,3471.025,-1458.503,5,13,19,20,27,-1457,3407
Gulf of Panama,Saboga,AT19-1-1-272.5,AT19-1-1,272.5,55,3366,3427,3425.374,3482,-1475.374,5,14,19,20,24.025,-1477,3427
Gulf of Panama,Saboga,AT19-1-1-277.5,AT19-1-1,277.5,56,3375,3446,3442.31,3489.025,-1492.31,5,14,19,20,26.025,-1496,3446
Gulf of Panama,Saboga,AT19-1-1-282.5,AT19-1-1,282.5,57,3386.975,3465,3459.876,3497,-1509.876,5,15,19,20,31,-1515,3465
Gulf of Panama,Saboga,AT19-1-1-287.5,AT19-1-1,287.5,58,3408,3484,3479.496,3505,-1529.496,5,17,19,21,46.025,-1534,3484
Gulf of Panama,Saboga,AT19-1-1-292.5,AT19-1-1,292.5,59,3476.975,3508,3521.633,3604.05,-1571.633,8,19,26,48,144.125,-1558,3508
Gulf of Panama,Saboga,AT19-1-1-297.5,AT19-1-1,297.5,60,3543.975,3625,3659.607,4129.2,-1709.607,39.975,88,114,122,498.875,-1675,3625
Gulf of Panama,Saboga,AT19-1-1-302.5,AT19-1-1,302.5,61,3589,3746,3781.762,4267.05,-1831.762,36.95,106,119,126,276.025,-1796,3746
Gulf of Panama,Saboga,AT19-1-1-307.5,AT19-1-1,307.5,62,3636.95,3867,3895.16,4356.075,-1945.16,36.975,96.75,118,124,225.025,-1917,3867
Gulf of Panama,Saboga,AT19-1-1-312.5,AT19-1-1,312.5,63,3681.9,3986,4002.598,4433.05,-2052.598,34,87,117,123,181.1,-2036,3986
Gulf of Panama,Saboga,AT19-1-1-317.5,AT19-1-1,317.5,64,3738.95,4105,4108.061,4490.125,-2158.061,34,85,117,123,156.1,-2155,4105
Gulf of Panama,Saboga,AT19-1-1-322.5,AT19-1-1,322.5,65,3793.85,4224.5,4212.918,4536.025,-2262.918,33,85,116,122,160.075,-2274.5,4224.5
Gulf of Panama,Saboga,AT19-1-1-327.5,AT19-1-1,327.5,66,3864.875,4346.5,4320.222,4585,-2370.222,34,86,117,123,182.025,-2396.5,4346.5
Gulf of Panama,Saboga,AT19-1-1-332.5,AT19-1-1,332.5,67,3950.7,4468,4433.084,4628.05,-2483.084,34,91,118,124,235,-2518,4468
Gulf of Panama,Saboga,AT19-1-1-337.5,AT19-1-1,337.5,68,4108.875,4589,4554.677,4675.025,-2604.677,36,104,119,126,291.1,-2639,4589
Gulf of Panama,Saboga,AT19-1-1-342.5,AT19-1-1,342.5,69,4590.9,4704,4702.394,4865.075,-2752.394,40.975,95,116,129,529.2,-2754,4704
Gulf of Panama,Saboga,AT19-1-1-347.5,AT19-1-1,347.5,70,4703,4744,4802.227,5265,-2852.227,3,25,53,110.5,485.025,-2794,4744
Gulf of Panama,Saboga,AT19-1-1-352.5,AT19-1-1,352.5,71,4706,4779.5,4863.242,5470.025,-2913.242,1,13,31,77,296.025,-2829.5,4779.5
Gulf of Panama,Saboga,AT19-1-1-357.5,AT19-1-1,357.5,72,4709,4815.5,4913.506,5605.025,-2963.506,1,12,29,63,224.075,-2865.5,4815.5
Gulf of Panama,Saboga,AT19-1-1-362.5,AT19-1-1,362.5,73,4712,4849,4959.605,5738.25,-3009.605,1.975,12,27,56,215.025,-2899,4849
Gulf of Panama,Saboga,AT19-1-1-367.5,AT19-1-1,367.5,74,4713,4884,5001.897,5841.15,-3051.897,1,11,25,54,189.15,-2934,4884
Gulf of Panama,Saboga,AT19-1-1-372.5,AT19-1-1,372.5,75,4715,4918.5,5045.086,5952.625,-3095.086,1,11,24,49.25,207.05,-2968.5,4918.5
Gulf of Panama,Saboga,AT19-1-2-2.5,AT19-1-2,2.5,1,-69,-68,-67.912,-65,2017.912,NA,NA,NA,NA,NA,2018,-68
Gulf of Panama,Saboga,AT19-1-2-7.5,AT19-1-2,7.5,2,-67,-64,-63.891,-54,2013.891,1,3,4,4,12,2014,-64
Gulf of Panama,Saboga,AT19-1-2-12.5,AT19-1-2,12.5,3,-66,-61,-60.166,-51,2010.166,1,3,4,4,7,2011,-61
Gulf of Panama,Saboga,AT19-1-2-17.5,AT19-1-2,17.5,4,-64,-57,-56.633,-49,2006.633,1,3,4,4,5,2007,-57
Gulf of Panama,Saboga,AT19-1-2-22.5,AT19-1-2,22.5,5,-62,-53,-53.086,-48,2003.086,1,3,4,4,5,2003,-53
Gulf of Panama,Saboga,AT19-1-2-27.5,AT19-1-2,27.5,6,-59,-49,-49.364,-45,1999.364,1,3,4,4,7,1999,-49
Gulf of Panama,Saboga,AT19-1-2-32.5,AT19-1-2,32.5,7,-49.025,-45,-42.304,-14.95,1992.304,2,4,4,6,31,1995,-45
Gulf of Panama,Saboga,AT19-1-2-37.5,AT19-1-2,37.5,8,-43,-34,-24.643,64,1974.643,3,7,10,17,78.1,1984,-34
Gulf of Panama,Saboga,AT19-1-2-42.5,AT19-1-2,42.5,9,-41,-23,-10.35,94,1960.35,2,7,10,15,49,1973,-23
Gulf of Panama,Saboga,AT19-1-2-47.5,AT19-1-2,47.5,10,-38,-13,1.89,111.05,1948.11,2,7,10,12,39.025,1963,-13
Gulf of Panama,Saboga,AT19-1-2-52.5,AT19-1-2,52.5,11,-34.025,-3,12.623,119,1937.377,2,6,10,11,30.025,1953,-3
Gulf of Panama,Saboga,AT19-1-2-57.5,AT19-1-2,57.5,12,-31.025,8,22.711,128.1,1927.289,2,6,10,11,28.025,1942,8
Gulf of Panama,Saboga,AT19-1-2-62.5,AT19-1-2,62.5,13,-28.025,18,32.34,138.025,1917.66,2,5,9,11,27.025,1932,18
Gulf of Panama,Saboga,AT19-1-2-67.5,AT19-1-2,67.5,14,-25,28,42.308,143.025,1907.692,2,5,9,11,27,1922,28
Gulf of Panama,Saboga,AT19-1-2-72.5,AT19-1-2,72.5,15,-21.025,38,51.298,147,1898.702,2,5,8,11,25.025,1912,38
Gulf of Panama,Saboga,AT19-1-2-77.5,AT19-1-2,77.5,16,-17.025,49,60.713,150.05,1889.287,2,5,8,11,28,1901,49
Gulf of Panama,Saboga,AT19-1-2-82.5,AT19-1-2,82.5,17,-13.025,60,70.156,155.075,1879.844,2,5,8,11,28.025,1890,60
Gulf of Panama,Saboga,AT19-1-2-87.5,AT19-1-2,87.5,18,-8.025,70,79.652,157.075,1870.348,2,5,8,11,28,1880,70
Gulf of Panama,Saboga,AT19-1-2-92.5,AT19-1-2,92.5,19,-3,80,89.01,161.025,1860.99,2,5,8,10.25,25,1870,80
Gulf of Panama,Saboga,AT19-1-2-97.5,AT19-1-2,97.5,20,1.975,90.5,98.134,167,1851.866,2,5,9,10,26.025,1859.5,90.5
Gulf of Panama,Saboga,AT19-1-2-102.5,AT19-1-2,102.5,21,6,101,107.723,169,1842.277,2,5,8,10,28.05,1849,101
Gulf of Panama,Saboga,AT19-1-2-107.5,AT19-1-2,107.5,22,15,111,117.019,171,1832.981,2,5,9,10,27.025,1839,111
Gulf of Panama,Saboga,AT19-1-2-112.5,AT19-1-2,112.5,23,20,121,126.219,173,1823.781,2,5,9,11,24,1829,121
Gulf of Panama,Saboga,AT19-1-2-117.5,AT19-1-2,117.5,24,24.975,132,135.689,175,1814.311,2,5,9,11,24,1818,132
Gulf of Panama,Saboga,AT19-1-2-122.5,AT19-1-2,122.5,25,35,142,145.92,177,1804.08,2,6,10,11,28.025,1808,142
Gulf of Panama,Saboga,AT19-1-2-127.5,AT19-1-2,127.5,26,53.925,153,156.865,179,1793.135,2,6,10,11,34.025,1797,153
Gulf of Panama,Saboga,AT19-1-2-132.5,AT19-1-2,132.5,27,72.975,163,168.86,181,1781.14,2,6,10,11,41,1787,163
Gulf of Panama,Saboga,AT19-1-2-137.5,AT19-1-2,137.5,28,105.95,173,182.358,183,1767.642,2,7,10,14,45.025,1777,173
Gulf of Panama,Saboga,AT19-1-2-142.5,AT19-1-2,142.5,29,164,187,255.401,488.775,1694.599,3,10,35,107,286,1763,187
Gulf of Panama,Saboga,AT19-1-2-147.5,AT19-1-2,147.5,30,292.975,630,672.783,1379.275,1277.217,91.975,275,398.5,540,843.05,1320,630
Gulf of Panama,Saboga,AT19-1-2-152.5,AT19-1-2,152.5,31,422.9,1122,1121.04,1806.175,828.96,96,292,453.5,592,815.075,828,1122
Gulf of Panama,Saboga,AT19-1-2-157.5,AT19-1-2,157.5,32,624.975,1618.5,1565.827,2260.125,384.173,141.925,310,433,556,893.2,331.5,1618.5
Gulf of Panama,Saboga,AT19-1-2-162.5,AT19-1-2,162.5,33,926.9,1839.5,1764.804,2327.025,185.196,19,95,179,246,664.025,110.5,1839.5
Gulf of Panama,Saboga,AT19-1-2-167.5,AT19-1-2,167.5,34,1172,1953.5,1891.739,2343.025,58.261,14,55,107,180,322.025,-3.5,1953.5
Gulf of Panama,Saboga,AT19-1-2-172.5,AT19-1-2,172.5,35,1423.975,2064,2012.133,2360.025,-62.133,13,51,101,176,307.025,-114,2064
Gulf of Panama,Saboga,AT19-1-2-177.5,AT19-1-2,177.5,36,1650.15,2174,2131.829,2377.025,-181.829,13,49,102,176,304,-224,2174
Gulf of Panama,Saboga,AT19-1-2-182.5,AT19-1-2,182.5,37,1873.5,2295.5,2255.974,2393.025,-305.974,13,51,103.5,182,318,-345.5,2295.5
Gulf of Panama,Saboga,AT19-1-2-187.5,AT19-1-2,187.5,38,2283.925,2403,2385.839,2424,-435.839,14,51,103,169.25,396,-453,2403
Gulf of Panama,Saboga,AT19-1-2-192.5,AT19-1-2,192.5,39,2405,2414,2416.925,2450.025,-466.925,3,8,13,34,131.025,-464,2414
Gulf of Panama,Saboga,AT19-1-2-197.5,AT19-1-2,197.5,40,2410,2422,2424.976,2461,-474.976,2,6,8,9,22,-472,2422
Gulf of Panama,Saboga,AT19-1-2-202.5,AT19-1-2,202.5,41,2413,2430,2432.242,2466,-482.242,2,5,7,8,13.025,-480,2430
Gulf of Panama,Saboga,AT19-1-2-207.5,AT19-1-2,207.5,42,2416,2438,2439.129,2470.025,-489.129,2,5,7,8,14,-488,2438
Gulf of Panama,Saboga,AT19-1-2-212.5,AT19-1-2,212.5,43,2419,2445,2445.843,2473,-495.843,2,5,7,8,11.025,-495,2445
Gulf of Panama,Saboga,AT19-1-2-217.5,AT19-1-2,217.5,44,2423,2453,2452.634,2476,-502.634,2,5,7,8,11,-503,2453
Gulf of Panama,Saboga,AT19-1-2-222.5,AT19-1-2,222.5,45,2427,2461,2459.578,2479,-509.578,2,5,7,8,13,-511,2461
Gulf of Panama,Saboga,AT19-1-2-227.5,AT19-1-2,227.5,46,2433,2469,2466.771,2482,-516.771,2,6,7,8,15,-519,2469
Gulf of Panama,Saboga,AT19-1-2-232.5,AT19-1-2,232.5,47,2441.975,2476.5,2474.658,2486,-524.658,2,6,8,9,20,-526.5,2476.5
Gulf of Panama,Saboga,AT19-1-2-237.5,AT19-1-2,237.5,48,2473,2487,2500.643,2626.575,-550.643,3,8,12,27,154.45,-537,2487
Gulf of Panama,Saboga,AT19-1-2-242.5,AT19-1-2,242.5,49,2500,2562,2605.27,3044.6,-655.27,17,47,72,95.25,507.225,-612,2562
Gulf of Panama,Saboga,AT19-1-2-247.5,AT19-1-2,247.5,50,2520,2638,2693.912,3287.125,-743.912,17,51,74,90,289.1,-688,2638
Gulf of Panama,Saboga,AT19-1-2-252.5,AT19-1-2,252.5,51,2538,2713,2772.466,3396.175,-822.466,16.975,48,74,79,214.15,-763,2713
Gulf of Panama,Saboga,AT19-1-2-257.5,AT19-1-2,257.5,52,2557.95,2787,2845.648,3510.25,-895.648,16.975,45,73,77,198.05,-837,2787
Gulf of Panama,Saboga,AT19-1-2-262.5,AT19-1-2,262.5,53,2578.95,2861,2913.886,3559.15,-963.886,16,43,72,76,173.1,-911,2861
Gulf of Panama,Saboga,AT19-1-2-267.5,AT19-1-2,267.5,54,2599.9,2934,2977.799,3601.1,-1027.799,15,40.75,69,75,148.075,-984,2934
Gulf of Panama,Saboga,AT19-1-2-272.5,AT19-1-2,272.5,55,2620.925,3009,3040.254,3635.125,-1090.254,15,39,65,75,138.025,-1059,3009
Gulf of Panama,Saboga,AT19-1-2-277.5,AT19-1-2,277.5,56,2642,3082.5,3103.74,3673.025,-1153.74,14,38,63,75,153.025,-1132.5,3082.5
Gulf of Panama,Saboga,AT19-1-2-282.5,AT19-1-2,282.5,57,2673,3157,3168.299,3715.1,-1218.299,15,38,61,75,164.125,-1207,3157
Gulf of Panama,Saboga,AT19-1-2-287.5,AT19-1-2,287.5,58,2694.975,3231,3229.291,3767.025,-1279.291,14,37,60,75,147.1,-1281,3231
Gulf of Panama,Saboga,AT19-1-2-292.5,AT19-1-2,292.5,59,2726.925,3306,3291.428,3794.025,-1341.428,15,37,61,75,157.2,-1356,3306
Gulf of Panama,Saboga,AT19-1-2-297.5,AT19-1-2,297.5,60,2760.725,3379.5,3355.231,3820.15,-1405.231,15,37,61.5,75,174.3,-1429.5,3379.5
Gulf of Panama,Saboga,AT19-1-2-302.5,AT19-1-2,302.5,61,2791.95,3452,3416.23,3846.1,-1466.23,15.975,36,60,75,134.025,-1502,3452
Gulf of Panama,Saboga,AT19-1-2-307.5,AT19-1-2,307.5,62,2828.875,3526,3477.781,3873.1,-1527.781,15,37,62,75,146.1,-1576,3526
Gulf of Panama,Saboga,AT19-1-2-312.5,AT19-1-2,312.5,63,2879.95,3601,3542.996,3904.05,-1592.996,16,38,64,75,169.075,-1651,3601
Gulf of Panama,Saboga,AT19-1-2-317.5,AT19-1-2,317.5,64,2938,3676,3609.491,3930,-1659.491,16,39,69,75,178,-1726,3676
Gulf of Panama,Saboga,AT19-1-2-322.5,AT19-1-2,322.5,65,2996.925,3750,3678.025,3955,-1728.025,17,41,72,76,172.025,-1800,3750
Gulf of Panama,Saboga,AT19-1-2-327.5,AT19-1-2,327.5,66,3076.85,3825,3749.667,3979.025,-1799.667,17,43,73,77,194.125,-1875,3825
Gulf of Panama,Saboga,AT19-1-2-332.5,AT19-1-2,332.5,67,3219.775,3899,3828.213,4006,-1878.213,17.975,45,73,78,244.15,-1949,3899
Gulf of Panama,Saboga,AT19-1-2-337.5,AT19-1-2,337.5,68,3443.65,3975,3919.897,4033.025,-1969.897,19,50,74,87,346.025,-2025,3975
Gulf of Panama,Saboga,AT19-1-2-342.5,AT19-1-2,342.5,69,3890.225,4049,4041.853,4191.025,-2091.853,22.975,54,73,115.25,558.2,-2099,4049
Gulf of Panama,Saboga,AT19-1-3-2.5,AT19-1-3,2.5,1,-69,-68,-61.715,-18,2011.715,NA,NA,NA,NA,NA,2018,-68
Gulf of Panama,Saboga,AT19-1-3-7.5,AT19-1-3,7.5,2,-59,-34,-22.316,111.05,1972.316,9,23,32,36,145.1,1984,-34
Gulf of Panama,Saboga,AT19-1-3-12.5,AT19-1-3,12.5,3,-47,1,12.904,151.025,1937.096,9,26,35,37,87.075,1949,1
Gulf of Panama,Saboga,AT19-1-3-17.5,AT19-1-3,17.5,4,-36.025,37,44.919,177.025,1905.081,8,23,34,37,64.025,1913,37
Gulf of Panama,Saboga,AT19-1-3-22.5,AT19-1-3,22.5,5,-25,72,74.749,194.025,1875.251,8,21,34,36,49,1878,72
Gulf of Panama,Saboga,AT19-1-3-27.5,AT19-1-3,27.5,6,-12.025,107,104.088,207,1845.912,8,21,34,36,47,1843,107
Gulf of Panama,Saboga,AT19-1-3-32.5,AT19-1-3,32.5,7,2.925,142.5,134.552,220,1815.448,8,21,34,36,56,1807.5,142.5
Gulf of Panama,Saboga,AT19-1-3-37.5,AT19-1-3,37.5,8,28.975,178,166.009,231,1783.991,9,23,34,37,59,1772,178
Gulf of Panama,Saboga,AT19-1-3-42.5,AT19-1-3,42.5,9,62.8,214,201.779,242,1748.221,9,27,35,37,89,1736,214
Gulf of Panama,Saboga,AT19-1-3-47.5,AT19-1-3,47.5,10,172.975,250,243.197,258,1706.803,9.975,25,34,37,140,1700,250
Gulf of Panama,Saboga,AT19-1-3-52.5,AT19-1-3,52.5,11,252,259,257.88,267,1692.12,3,7,9,16,68,1691,259
Gulf of Panama,Saboga,AT19-1-3-57.5,AT19-1-3,57.5,12,256,266,265.294,271,1684.706,2,6,7,8,12,1684,266
Gulf of Panama,Saboga,AT19-1-3-62.5,AT19-1-3,62.5,13,266.975,276,342.516,731.675,1607.484,3,7,13,95,462.75,1674,276
Gulf of Panama,Saboga,AT19-1-3-67.5,AT19-1-3,67.5,14,397,647,709.517,1528.05,1240.483,109.975,254,339,380.25,1019.1,1303,647
Gulf of Panama,Saboga,AT19-1-3-72.5,AT19-1-3,72.5,15,550.925,1026,1056.309,1753.05,893.691,110,318.75,365,399,566.075,924,1026
Gulf of Panama,Saboga,AT19-1-3-77.5,AT19-1-3,77.5,16,721.8,1406,1388.011,1894.025,561.989,97.875,270.75,359,392,461.025,544,1406
Gulf of Panama,Saboga,AT19-1-3-82.5,AT19-1-3,82.5,17,1020.9,1781.5,1734.585,2029.05,215.415,106.85,302,365,399,595.05,168.5,1781.5
Gulf of Panama,Saboga,AT19-1-3-87.5,AT19-1-3,87.5,18,1770.575,2142,2095.53,2210.05,-145.53,110,265.5,340,377,949.875,-192,2142
Gulf of Panama,Saboga,AT19-1-3-92.5,AT19-1-3,92.5,19,2151.975,2177,2192.07,2321,-242.07,9,27,60,123,419.35,-227,2177
Gulf of Panama,Saboga,AT19-1-3-97.5,AT19-1-3,97.5,20,2163,2204,2223.307,2382.025,-273.307,7,19,27,31.25,95.025,-254,2204
Gulf of Panama,Saboga,AT19-1-3-102.5,AT19-1-3,102.5,21,2173,2232,2249.602,2410.025,-299.602,6,17,26,29,67.025,-282,2232
Gulf of Panama,Saboga,AT19-1-3-107.5,AT19-1-3,107.5,22,2182,2260,2273.856,2424.075,-323.856,6,16,26,28,57.025,-310,2260
Gulf of Panama,Saboga,AT19-1-3-112.5,AT19-1-3,112.5,23,2190.975,2288,2297.384,2439,-347.384,5,15,24,28,61,-338,2288
Gulf of Panama,Saboga,AT19-1-3-117.5,AT19-1-3,117.5,24,2201.975,2314,2319.458,2449,-369.458,5,14,23,28,45,-364,2314
Gulf of Panama,Saboga,AT19-1-3-122.5,AT19-1-3,122.5,25,2210,2342,2341.36,2459,-391.36,5,14,22,28,41.025,-392,2342
Gulf of Panama,Saboga,AT19-1-3-127.5,AT19-1-3,127.5,26,2225.95,2368,2363.295,2467,-413.295,5,14,22,27,42,-418,2368
Gulf of Panama,Saboga,AT19-1-3-132.5,AT19-1-3,132.5,27,2247.925,2396,2386.682,2476,-436.682,6,14.75,23,28,59.025,-446,2396
Gulf of Panama,Saboga,AT19-1-3-137.5,AT19-1-3,137.5,28,2264.95,2423,2410.377,2484,-460.377,6,15,25,28,58,-473,2423
Gulf of Panama,Saboga,AT19-1-3-142.5,AT19-1-3,142.5,29,2284,2451,2435.755,2493,-485.755,6,16,26,28,63.025,-501,2451
Gulf of Panama,Saboga,AT19-1-3-147.5,AT19-1-3,147.5,30,2337,2478,2464.831,2502,-514.831,7,18,27,30,88.025,-528,2478
Gulf of Panama,Saboga,AT19-1-3-152.5,AT19-1-3,152.5,31,2462,2507,2511.154,2599,-561.154,8,24,30,50,182.05,-557,2507
Gulf of Panama,Saboga,AT19-1-3-157.5,AT19-1-3,157.5,32,2515,2556,2590.588,2920.025,-640.588,14,38,48,84.25,328.025,-606,2556
Gulf of Panama,Saboga,AT19-1-3-162.5,AT19-1-3,162.5,33,2530,2607,2648.088,3012.525,-698.088,10.975,33,49,63,178.025,-657,2607
Gulf of Panama,Saboga,AT19-1-3-167.5,AT19-1-3,167.5,34,2545,2657,2697.237,3051.25,-747.237,10,28.75,48,52,148.05,-707,2657
Gulf of Panama,Saboga,AT19-1-3-172.5,AT19-1-3,172.5,35,2559,2707,2743.238,3115.025,-793.238,10,26,47,51,135.025,-757,2707
Gulf of Panama,Saboga,AT19-1-3-177.5,AT19-1-3,177.5,36,2573.95,2756,2785.142,3139.1,-835.142,9,24,42.5,50,103,-806,2756
Gulf of Panama,Saboga,AT19-1-3-182.5,AT19-1-3,182.5,37,2586,2804,2827.663,3171.025,-877.663,9,23,41,50,111.25,-854,2804
Gulf of Panama,Saboga,AT19-1-3-187.5,AT19-1-3,187.5,38,2608.975,2852,2868.228,3192.025,-918.228,9,22,40,50,112.05,-902,2852
Gulf of Panama,Saboga,AT19-1-3-192.5,AT19-1-3,192.5,39,2630.95,2900,2907.723,3209.025,-957.723,9,22,39,49,104.025,-950,2900
Gulf of Panama,Saboga,AT19-1-3-197.5,AT19-1-3,197.5,40,2654,2948.5,2947.488,3226.075,-997.488,9,22,38,49,102.125,-998.5,2948.5
Gulf of Panama,Saboga,AT19-1-3-202.5,AT19-1-3,202.5,41,2679.95,2997,2987.533,3244,-1037.533,9.975,22,38,49,100,-1047,2997
Gulf of Panama,Saboga,AT19-1-3-207.5,AT19-1-3,207.5,42,2699.975,3045,3027.464,3259,-1077.464,10,23,39,49,101.15,-1095,3045
Gulf of Panama,Saboga,AT19-1-3-212.5,AT19-1-3,212.5,43,2725.975,3092,3067.222,3275,-1117.222,9,23,40,49,94.1,-1142,3092
Gulf of Panama,Saboga,AT19-1-3-217.5,AT19-1-3,217.5,44,2765.875,3140,3108.962,3289.025,-1158.962,9,24,42,50,100.025,-1190,3140
Gulf of Panama,Saboga,AT19-1-3-222.5,AT19-1-3,222.5,45,2818.975,3189,3153.514,3303.025,-1203.514,10,25,45,50,121,-1239,3189
Gulf of Panama,Saboga,AT19-1-3-227.5,AT19-1-3,227.5,46,2860.95,3237,3200.961,3317,-1250.961,10,27,47,51,129.025,-1287,3237
Gulf of Panama,Saboga,AT19-1-3-232.5,AT19-1-3,232.5,47,2966.975,3288,3257.442,3331,-1307.442,12,32,49,62,175.05,-1338,3288
Gulf of Panama,Saboga,AT19-1-3-237.5,AT19-1-3,237.5,48,3220.975,3339,3338.644,3461.05,-1388.644,14,40.75,50,94,305.25,-1389,3339
Gulf of Panama,Saboga,AT19-1-3-242.5,AT19-1-3,242.5,49,3348,3390,3426.509,3746.05,-1476.509,14,38,50,102.25,362.375,-1440,3390
Gulf of Panama,Saboga,AT19-1-3-247.5,AT19-1-3,247.5,50,3359.975,3440.5,3487.965,3925.1,-1537.965,9.975,30,49,70,216.275,-1490.5,3440.5
Gulf of Panama,Saboga,AT19-1-3-252.5,AT19-1-3,252.5,51,3373,3489,3540.789,3995.175,-1590.789,9,27,48,58,164.275,-1539,3489
Gulf of Panama,Saboga,AT19-1-3-257.5,AT19-1-3,257.5,52,3384,3538,3588.199,4051.025,-1638.199,9,25,44,51,138.025,-1588,3538
Gulf of Panama,Saboga,AT19-1-3-262.5,AT19-1-3,262.5,53,3396,3586,3632.211,4100.3,-1682.211,9,24,40,50,133,-1636,3586
Gulf of Panama,Saboga,AT19-1-3-267.5,AT19-1-3,267.5,54,3408,3636,3673.695,4133.1,-1723.695,8,24,38,50,111.025,-1686,3636
Gulf of Panama,Saboga,AT19-1-3-272.5,AT19-1-3,272.5,55,3427.95,3684,3715.325,4169.5,-1765.325,8.975,23,37,50,111,-1734,3684
Gulf of Panama,Saboga,AT19-1-3-277.5,AT19-1-3,277.5,56,3442,3733,3755.76,4203.025,-1805.76,9,23,37,50,113.025,-1783,3733
Gulf of Panama,Saboga,AT19-1-3-282.5,AT19-1-3,282.5,57,3456.975,3782,3796.28,4224.05,-1846.28,9,23,36,49,124,-1832,3782
Gulf of Panama,Saboga,AT19-1-3-287.5,AT19-1-3,287.5,58,3474,3831,3837.782,4240.1,-1887.782,9,22,36,49,126.025,-1881,3831
Gulf of Panama,Saboga,AT19-1-3-292.5,AT19-1-3,292.5,59,3491.925,3881,3877.751,4257.05,-1927.751,9,22,35,49,111.075,-1931,3881
Gulf of Panama,Saboga,AT19-1-3-297.5,AT19-1-3,297.5,60,3515,3929,3917.54,4271.025,-1967.54,8.975,22,35,49,106.025,-1979,3929
Gulf of Panama,Saboga,AT19-1-3-302.5,AT19-1-3,302.5,61,3543.85,3977,3958.107,4283,-2008.107,9,23,36,49,122,-2027,3977
Gulf of Panama,Saboga,AT19-1-3-307.5,AT19-1-3,307.5,62,3579.975,4026,4000.795,4295,-2050.795,9,24,37.5,50,142.025,-2076,4026
Gulf of Panama,Saboga,AT19-1-3-312.5,AT19-1-3,312.5,63,3603.925,4075,4042.893,4308,-2092.893,9,24,38,50,119.175,-2125,4075
Gulf of Panama,Saboga,AT19-1-3-317.5,AT19-1-3,317.5,64,3649.7,4125,4086.053,4320.025,-2136.053,9,24.75,40,50,121.2,-2175,4125
Gulf of Panama,Saboga,AT19-1-3-322.5,AT19-1-3,322.5,65,3700.7,4174,4132.195,4332,-2182.195,9,25,42,51,134.075,-2224,4174
Gulf of Panama,Saboga,AT19-1-3-327.5,AT19-1-3,327.5,66,3765.8,4223,4179.296,4344.025,-2229.296,10,26,45,51,143.05,-2273,4223
Gulf of Panama,Saboga,AT19-1-3-332.5,AT19-1-3,332.5,67,3847.775,4273,4230.851,4356,-2280.851,10,28,47,55,156.075,-2323,4273
Gulf of Panama,Saboga,AT19-1-3-337.5,AT19-1-3,337.5,68,3964.975,4324,4290.975,4369.025,-2340.975,11,30,49,63,199.025,-2374,4324
Gulf of Panama,Saboga,AT19-1-3-342.5,AT19-1-3,342.5,69,4228.9,4372,4362.823,4390,-2412.823,11,31,48,75,334.05,-2422,4372
Gulf of Panama,Saboga,AT19-1-3-347.5,AT19-1-3,347.5,70,4371,4386,4387.066,4414.025,-2437.066,3,8,12,23,160,-2436,4386
Gulf of Panama,Saboga,AT19-1-3-352.5,AT19-1-3,352.5,71,4375,4394,4395.53,4426,-2445.53,2,6,8,10,22.025,-2444,4394
Gulf of Panama,Saboga,AT19-1-3-357.5,AT19-1-3,357.5,72,4380,4401,4403.055,4433,-2453.055,2,6,7,9,16,-2451,4401
Gulf of Panama,Saboga,AT19-1-3-362.5,AT19-1-3,362.5,73,4384,4409,4410.195,4436,-2460.195,2,5,7,9,13,-2459,4409
Gulf of Panama,Saboga,AT19-1-3-367.5,AT19-1-3,367.5,74,4389,4418,4417.394,4439.025,-2467.394,2,5,7,9,13,-2468,4418
Gulf of Panama,Saboga,AT19-1-3-372.5,AT19-1-3,372.5,75,4395,4426,4424.75,4445,-2474.75,2,5,7,9,14,-2476,4426
Gulf of Panama,Saboga,AT19-1-3-377.5,AT19-1-3,377.5,76,4404,4434,4432.834,4452,-2482.834,2,6,8,9,18,-2484,4434
Gulf of Panama,Saboga,AT19-1-3-382.5,AT19-1-3,382.5,77,4423,4445,4460.948,4604.05,-2510.948,3,7,10,20,163.05,-2495,4445
Gulf of Panama,Isla Iguana,JC22-2-1-2.5,JC22-2-1,2.5,1,-72,-71,-67.843,-43.975,2017.843,NA,NA,NA,NA,NA,2021,-71
Gulf of Panama,Isla Iguana,JC22-2-1-7.5,JC22-2-1,7.5,2,-64,-49,-46.454,-11,1996.454,7,15,20,23,52,1999,-49
Gulf of Panama,Isla Iguana,JC22-2-1-12.5,JC22-2-1,12.5,3,-55,-26,-25.899,4,1975.899,6,17,22,24,34.025,1976,-26
Gulf of Panama,Isla Iguana,JC22-2-1-17.5,JC22-2-1,17.5,4,-42.025,-3,-5.507,12,1955.507,5.975,16,21,24,34.025,1953,-3
Gulf of Panama,Isla Iguana,JC22-2-1-22.5,JC22-2-1,22.5,5,-3.025,18,16.154,24,1933.846,7,16,20,24,53,1932,18
Gulf of Panama,Isla Iguana,JC22-2-1-27.5,JC22-2-1,27.5,6,18,21,22.302,32,1927.698,1,2,4,8,24,1929,21
Gulf of Panama,Isla Iguana,JC22-2-1-32.5,JC22-2-1,32.5,7,19,24,24.539,35,1925.461,0,1,2,3,7,1926,24
Gulf of Panama,Isla Iguana,JC22-2-1-37.5,JC22-2-1,37.5,8,20,25,26.443,37,1923.557,0,1,2,2,5.025,1925,25
Gulf of Panama,Isla Iguana,JC22-2-1-42.5,JC22-2-1,42.5,9,21,28,28.185,39,1921.815,0,1,2,2,5,1922,28
Gulf of Panama,Isla Iguana,JC22-2-1-47.5,JC22-2-1,47.5,10,21,30,29.876,40,1920.124,0,1,2,2,5,1920,30
Gulf of Panama,Isla Iguana,JC22-2-1-52.5,JC22-2-1,52.5,11,22,32,31.554,41,1918.446,0,1,1,2,5,1918,32
Gulf of Panama,Isla Iguana,JC22-2-1-57.5,JC22-2-1,57.5,12,23,34,33.22,41,1916.78,0,1,1,2,5,1916,34
Gulf of Panama,Isla Iguana,JC22-2-1-62.5,JC22-2-1,62.5,13,24,35,34.865,42,1915.135,0,1,1,2,5,1915,35
Gulf of Panama,Isla Iguana,JC22-2-1-67.5,JC22-2-1,67.5,14,26.975,37,36.607,43,1913.393,0,1,2,2,6,1913,37
Gulf of Panama,Isla Iguana,JC22-2-1-72.5,JC22-2-1,72.5,15,29,39,38.504,43.025,1911.496,0,1,2,2,6,1911,39
Gulf of Panama,Isla Iguana,JC22-2-1-77.5,JC22-2-1,77.5,16,31,41,40.633,45,1909.367,0,1,2,3,6,1909,41
Gulf of Panama,Isla Iguana,JC22-2-1-82.5,JC22-2-1,82.5,17,39,44,43.887,48,1906.113,1,2,2,4,11,1906,44
Gulf of Panama,Isla Iguana,JC22-2-1-87.5,JC22-2-1,87.5,18,45,48,48.511,53,1901.489,1,3,4,4,11,1902,48
Gulf of Panama,Isla Iguana,JC22-2-1-92.5,JC22-2-1,92.5,19,47,51,52.735,55,1897.265,1,3,4,4,6,1899,51
Gulf of Panama,Isla Iguana,JC22-2-1-97.5,JC22-2-1,97.5,20,52,59,99.877,425.325,1850.123,2,4,8,46,362.275,1891,59
Gulf of Panama,Isla Iguana,JC22-2-1-102.5,JC22-2-1,102.5,21,102,242,294.45,848.1,1655.55,37.975,116,164.5,214.5,576.375,1708,242
Gulf of Panama,Isla Iguana,JC22-2-1-107.5,JC22-2-1,107.5,22,159.95,420.5,464.128,989.375,1485.872,39,111.75,172,192.25,390,1529.5,420.5
Gulf of Panama,Isla Iguana,JC22-2-1-112.5,JC22-2-1,112.5,23,211.925,596,613.31,1095.05,1336.69,36,96.75,160,183,298,1354,596
Gulf of Panama,Isla Iguana,JC22-2-1-117.5,JC22-2-1,117.5,24,273.975,776,759.298,1154.025,1190.702,36,96,158.5,182,317.05,1174,776
Gulf of Panama,Isla Iguana,JC22-2-1-122.5,JC22-2-1,122.5,25,395.9,952.5,910.608,1215.075,1039.392,38,100,160,183,335.125,997.5,952.5
Gulf of Panama,Isla Iguana,JC22-2-1-127.5,JC22-2-1,127.5,26,525.95,1132,1077.804,1271,872.196,41,112.75,170,189,387.3,818,1132
Gulf of Panama,Isla Iguana,JC22-2-1-132.5,JC22-2-1,132.5,27,1016.975,1313,1376.893,2046.15,573.107,53.975,166.75,211,333,991.2,637,1313
Gulf of Panama,Isla Iguana,JC22-2-1-137.5,JC22-2-1,137.5,28,1454.9,1877.5,1978.029,3175,-28.029,174.9,419.75,525,627.5,1667.35,72.5,1877.5
Gulf of Panama,Isla Iguana,JC22-2-1-142.5,JC22-2-1,142.5,29,1682.925,2449.5,2491.673,3566,-541.673,151.95,387.5,536.5,608.25,983.95,-499.5,2449.5
Gulf of Panama,Isla Iguana,JC22-2-1-147.5,JC22-2-1,147.5,30,1885.95,3009.5,2963.897,3757.275,-1013.897,145,342,515,579,739.325,-1059.5,3009.5
Gulf of Panama,Isla Iguana,JC22-2-1-152.5,JC22-2-1,152.5,31,2176.975,3576.5,3462.664,3969.05,-1512.664,145,372.75,527.5,596,922.775,-1626.5,3576.5
Gulf of Panama,Isla Iguana,JC22-2-1-157.5,JC22-2-1,157.5,32,3390.25,4137,4057.76,4289.125,-2107.76,159.95,393,514,612.75,1694.4,-2187,4137
Gulf of Panama,Isla Iguana,JC22-2-1-162.5,JC22-2-1,162.5,33,4154,4209,4239.738,4498.25,-2289.738,23.975,65,107,212,914.025,-2259,4209
Gulf of Panama,Isla Iguana,JC22-2-1-167.5,JC22-2-1,167.5,34,4176,4280,4310.055,4592.025,-2360.055,16,41,66,76,200.1,-2330,4280
Gulf of Panama,Isla Iguana,JC22-2-1-172.5,JC22-2-1,172.5,35,4195,4348,4373.195,4653.15,-2423.195,13,36,60,73,167,-2398,4348
Gulf of Panama,Isla Iguana,JC22-2-1-177.5,JC22-2-1,177.5,36,4215,4416,4431.071,4710.025,-2481.071,14,33,53,71,150.075,-2466,4416
Gulf of Panama,Isla Iguana,JC22-2-1-182.5,JC22-2-1,182.5,37,4250.975,4486.5,4487.038,4741,-2537.038,13,32,51,70,138.225,-2536.5,4486.5
Gulf of Panama,Isla Iguana,JC22-2-1-187.5,JC22-2-1,187.5,38,4289,4555.5,4542.71,4763,-2592.71,13.975,32,52,70,140.025,-2605.5,4555.5
Gulf of Panama,Isla Iguana,JC22-2-1-192.5,JC22-2-1,192.5,39,4323.925,4623,4598.299,4782,-2648.299,13.975,33,54,70,121.025,-2673,4623
Gulf of Panama,Isla Iguana,JC22-2-1-197.5,JC22-2-1,197.5,40,4361.975,4691.5,4658.068,4801,-2708.068,14,34,58,72,145.025,-2741.5,4691.5
Gulf of Panama,Isla Iguana,JC22-2-1-202.5,JC22-2-1,202.5,41,4448.925,4763,4725.943,4823,-2775.943,16,39,65,79,172.025,-2813,4763
Gulf of Panama,Isla Iguana,JC22-2-1-208.5,JC22-2-1,208.5,42,4660.85,4842,4857.772,5173.025,-2907.772,24,60,84,157.25,476,-2892,4842
Gulf of Panama,Isla Iguana,JC22-2-2-2.5,JC22-2-2,2.5,1,-72,-72,-70.989,-67,2020.989,NA,NA,NA,NA,NA,2022,-72
Gulf of Panama,Isla Iguana,JC22-2-2-7.5,JC22-2-2,7.5,2,-70,-68,-67.195,-60,2017.195,1,3,3,4,10,2018,-68
Gulf of Panama,Isla Iguana,JC22-2-2-12.5,JC22-2-2,12.5,3,-69,-64,-63.836,-57,2013.836,1,3,3,4,6,2014,-64
Gulf of Panama,Isla Iguana,JC22-2-2-17.5,JC22-2-2,17.5,4,-67,-60,-60.603,-55,2010.603,1,3,3,4,5,2010,-60
Gulf of Panama,Isla Iguana,JC22-2-2-22.5,JC22-2-2,22.5,5,-65,-57,-57.152,-53,2007.152,1,3,4,4,6,2007,-57
Gulf of Panama,Isla Iguana,JC22-2-2-27.5,JC22-2-2,27.5,6,-57.025,-53,-51.508,-37.975,2001.508,1,3,4,6,19.025,2003,-53
Gulf of Panama,Isla Iguana,JC22-2-2-32.5,JC22-2-2,32.5,7,-51,-43,-39.935,-3.975,1989.935,2,6,9,12.25,43,1993,-43
Gulf of Panama,Isla Iguana,JC22-2-2-37.5,JC22-2-2,37.5,8,-48,-34,-30.818,6,1980.818,2,6,9,10,23,1984,-34
Gulf of Panama,Isla Iguana,JC22-2-2-42.5,JC22-2-2,42.5,9,-45,-25,-22.722,12,1972.722,2,5,8,10,19,1975,-25
Gulf of Panama,Isla Iguana,JC22-2-2-47.5,JC22-2-2,47.5,10,-43,-16,-15.101,16,1965.101,2,5,8,9,15,1966,-16
Gulf of Panama,Isla Iguana,JC22-2-2-52.5,JC22-2-2,52.5,11,-39,-7,-7.672,20,1957.672,2,5,8,9,16,1957,-7
Gulf of Panama,Isla Iguana,JC22-2-2-57.5,JC22-2-2,57.5,12,-34,2,0.003,23,1949.997,2,5,8,9,18,1948,2
Gulf of Panama,Isla Iguana,JC22-2-2-62.5,JC22-2-2,62.5,13,-28,12,8.115,25,1941.885,2,5,8,10,18,1938,12
Gulf of Panama,Isla Iguana,JC22-2-2-67.5,JC22-2-2,67.5,14,-21,21,17.25,28,1932.75,2,6,9,10,25,1929,21
Gulf of Panama,Isla Iguana,JC22-2-2-72.5,JC22-2-2,72.5,15,14,30,28.724,35,1921.276,3,7,9,12,40.05,1920,30
Gulf of Panama,Isla Iguana,JC22-2-2-77.5,JC22-2-2,77.5,16,32,36,36.49,44,1913.51,2,5,6,8,22,1914,36
Gulf of Panama,Isla Iguana,JC22-2-2-82.5,JC22-2-2,82.5,17,35,43,42.39,47,1907.61,2,5,6,7,9,1907,43
Gulf of Panama,Isla Iguana,JC22-2-2-87.5,JC22-2-2,87.5,18,44,49,48.845,56,1901.155,2,5,6,7,14,1901,49
Gulf of Panama,Isla Iguana,JC22-2-2-92.5,JC22-2-2,92.5,19,49,53,53.541,63,1896.459,1,3,4,5,14,1897,53
Gulf of Panama,Isla Iguana,JC22-2-2-97.5,JC22-2-2,97.5,20,51,56,57.049,64.025,1892.951,1,3,3,4,7,1894,56
Gulf of Panama,Isla Iguana,JC22-2-2-102.5,JC22-2-2,102.5,21,53,60,60.379,66,1889.621,1,2,3,4,5.025,1890,60
Gulf of Panama,Isla Iguana,JC22-2-2-107.5,JC22-2-2,107.5,22,55,64,63.915,69,1886.085,1,3,4,4,7,1886,64
Gulf of Panama,Isla Iguana,JC22-2-2-112.5,JC22-2-2,112.5,23,62,70,83.074,192.025,1866.926,1,3,7,26,120.175,1880,70
Gulf of Panama,Isla Iguana,JC22-2-2-117.5,JC22-2-2,117.5,24,104,168,171.9,288,1778.1,31.975,73,88,100,175.125,1782,168
Gulf of Panama,Isla Iguana,JC22-2-2-122.5,JC22-2-2,122.5,25,147,268,264.132,334,1685.868,28.975,82,96,108,136,1682,268
Gulf of Panama,Isla Iguana,JC22-2-2-127.5,JC22-2-2,127.5,26,287.975,366,599.264,1553.65,1350.736,38,89,131,490.75,1249.275,1584,366
Gulf of Panama,Isla Iguana,JC22-2-2-132.5,JC22-2-2,132.5,27,1172.875,2265.5,2312.254,3643.45,-362.254,688.975,1392.25,1674,2019,2913.575,-315.5,2265.5
Gulf of Panama,Isla Iguana,JC22-2-2-138.5,JC22-2-2,138.5,28,3149.775,4533,4275.14,4954.2,-2325.14,749.875,1680.5,1953,2277.25,3013.45,-2583,4533
Gulf of Panama,Isla Iguana,JC22-2-3-2.5,JC22-2-3,2.5,1,-72,-71,-69.1,-56.975,2019.1,NA,NA,NA,NA,NA,2021,-71
Gulf of Panama,Isla Iguana,JC22-2-3-7.5,JC22-2-3,7.5,2,-66,-56,-54.768,-31,2004.768,5,12,14,16,28.025,2006,-56
Gulf of Panama,Isla Iguana,JC22-2-3-12.5,JC22-2-3,12.5,3,-58,-40,-39.926,-22,1989.926,5,14,15,17,20,1990,-40
Gulf of Panama,Isla Iguana,JC22-2-3-17.5,JC22-2-3,17.5,4,-48,-24,-24.993,-14,1974.993,4.975,14,15,17,21,1974,-24
Gulf of Panama,Isla Iguana,JC22-2-3-22.5,JC22-2-3,22.5,5,-20,-8,-3.742,51.025,1953.742,7,14,16,20,73,1958,-8
Gulf of Panama,Isla Iguana,JC22-2-3-27.5,JC22-2-3,27.5,6,-3,16,31.465,182.075,1918.535,6.975,19,23,33.25,166.025,1934,16
Gulf of Panama,Isla Iguana,JC22-2-3-32.5,JC22-2-3,32.5,7,4,40,58.681,222,1891.319,6,17,24,26,93,1910,40
Gulf of Panama,Isla Iguana,JC22-2-3-37.5,JC22-2-3,37.5,8,10,64,82.78,245.075,1867.22,5,15,23,25,68.025,1886,64
Gulf of Panama,Isla Iguana,JC22-2-3-42.5,JC22-2-3,42.5,9,17,88,104.797,270.025,1845.203,5,14,23,24,55,1862,88
Gulf of Panama,Isla Iguana,JC22-2-3-47.5,JC22-2-3,47.5,10,24,111,125.98,288,1824.02,5,14,23,24,52.025,1839,111
Gulf of Panama,Isla Iguana,JC22-2-3-52.5,JC22-2-3,52.5,11,31,135,146.141,300.05,1803.859,5,13,23,24,42.025,1815,135
Gulf of Panama,Isla Iguana,JC22-2-3-57.5,JC22-2-3,57.5,12,38.975,159,166.128,312.1,1783.872,5,13,22,24,42.025,1791,159
Gulf of Panama,Isla Iguana,JC22-2-3-62.5,JC22-2-3,62.5,13,46,182,185.775,321.075,1764.225,5,12,22,24,42,1768,182
Gulf of Panama,Isla Iguana,JC22-2-3-67.5,JC22-2-3,67.5,14,56.95,206,205.663,333.15,1744.337,5,13,22,24,42.05,1744,206
Gulf of Panama,Isla Iguana,JC22-2-3-72.5,JC22-2-3,72.5,15,69.95,230,225.896,343.1,1724.104,4.975,13,22,24,45.025,1720,230
Gulf of Panama,Isla Iguana,JC22-2-3-77.5,JC22-2-3,77.5,16,84.975,254,246.354,356.025,1703.646,5,13,22.5,24,43,1696,254
Gulf of Panama,Isla Iguana,JC22-2-3-82.5,JC22-2-3,82.5,17,98.925,277,266.584,365,1683.416,5,13,22.5,24,42,1673,277
Gulf of Panama,Isla Iguana,JC22-2-3-87.5,JC22-2-3,87.5,18,114,301,287.729,371,1662.271,5,14,23,24,50,1649,301
Gulf of Panama,Isla Iguana,JC22-2-3-92.5,JC22-2-3,92.5,19,138,324.5,309.602,376.025,1640.398,5.975,14,23,24,53.025,1625.5,324.5
Gulf of Panama,Isla Iguana,JC22-2-3-97.5,JC22-2-3,97.5,20,167.95,348,333.241,382.025,1616.759,5,15,23,25,61.075,1602,348
Gulf of Panama,Isla Iguana,JC22-2-3-102.5,JC22-2-3,102.5,21,239.925,372,359.825,390,1590.175,6,16,23,25,84.05,1578,372
Gulf of Panama,Isla Iguana,JC22-2-3-107.5,JC22-2-3,107.5,22,349.975,400,474.557,755.1,1475.443,8,23,60,193.25,396.025,1550,400
Gulf of Panama,Isla Iguana,JC22-2-3-112.5,JC22-2-3,112.5,23,906.975,1252,1317.601,1967.55,632.399,453,603.75,790.5,1017,1538.45,698,1252
Gulf of Panama,Isla Iguana,JC22-2-3-117.5,JC22-2-3,117.5,24,1725.8,2362,2389.616,3540.2,-439.616,512.95,942,1040.5,1149,1938.475,-412,2362
Gulf of Panama,Isla Iguana,JC22-2-3-122.5,JC22-2-3,122.5,25,2392.475,3468.5,3437.857,4080,-1487.857,400.975,943.25,1071.5,1191,1479.15,-1518.5,3468.5
Gulf of Panama,Isla Iguana,JC22-2-3-127.5,JC22-2-3,127.5,26,3877.575,4542,4406.455,4589.025,-2456.455,404.925,849.75,969,1081.5,1712.025,-2592,4542
Gulf of Panama,Isla Iguana,JC22-2-3-132.5,JC22-2-3,132.5,27,4567.975,4601.5,4602.196,4660.05,-2652.196,22.95,44.75,73.5,310,670.625,-2651.5,4601.5
Gulf of Panama,Isla Iguana,JC22-2-3-137.5,JC22-2-3,137.5,28,4590.975,4651,4650.062,4691,-2700.062,16,40,48,55,72.025,-2701,4651
Gulf of Panama,Isla Iguana,JC22-2-3-143.5,JC22-2-3,143.5,29,4657.975,4708,4734.62,5037.3,-2784.62,23,49,57,73.25,358.225,-2758,4708
